user_id,song_id,rating
usr00000001,b4e0dcc1f529477dafe50d1f4e19d7e8,2
usr00000001,416dd2aadb154aada1457f5b0f7a2997,2
usr00000001,e52941b46dee4242ad395d1de81bad59,5
usr00000001,0b3a9f993629461d8b74bfd3bda8c238,2
usr00000001,7bdc295bfe41460ca939b1a6a137c6cc,2
usr00000001,0fe24fa5f3134a1cbd81b8541c04bf95,3
usr00000001,2038df0ba3ca42d79d3843ee3cd680a0,4
usr00000001,b8b8eb12b8664d91bb2315a9ee34f768,5
usr00000001,4d649c16f2bd43618667b52c137903e3,5
usr00000001,d01c2725dda64daf9b7ffb0cce8899a7,1
usr00000001,2aee54f3a8a34be587a5312778aa79ab,1
usr00000001,2829fb42a36b48a29550c397df946a78,1
usr00000001,f2606de6598143a7ba883af0df637f65,3
usr00000001,fb9a1e33731a4ae2bda4133307df4cb5,2
usr00000001,9310348c4ad1428cb9588cc5ccf191a3,4
usr00000001,eac8ac0865c74fb793b64e7f0f20afd2,5
usr00000001,38b884f36f7f4d0a93fa93d28ada6b0b,4
usr00000001,3b87dda589e649468df03d6c683221aa,2
usr00000001,1b8606471e134f49b51e61742bb80777,1
usr00000001,90517c5a8a004a39b78c8925591af659,2
usr00000001,2b652eea2adf487295c49a335254f2a6,5
usr00000001,623b2f4bb94e44878d0e52593fa550f8,2
usr00000001,5b534b1b1a6c4a18b4c4324f41ac17ac,3
usr00000001,757f1ac3311344e3a85073416c72b406,1
usr00000001,e57ee16f6d744e46a0bf564a33906ac6,3
usr00000001,ef65ae9cb8e34520b6af0864a5cd0775,3
usr00000001,8fb3c7b9d15f4f42b18e45585cca20b6,3
usr00000001,ffb881010601404fa3cd435f23cde64d,3
usr00000001,7c7019aab6c8455ca7fd306a60ba5716,3
usr00000001,fde5e497989742eb9151c7318701be0a,5
usr00000001,0c5839db3967401dac3c905099b74eb2,5
usr00000001,b8d29b9f06c24346b9208c4caa669530,5
usr00000001,062c0ff7babb494c9ae4af926566d193,1
usr00000001,de2f06f3966c48c996c02d638fc6baf9,4
usr00000001,dfab157ad25b4ebe8355cf01a13bd9ae,4
usr00000001,7c4f960327834e878e180e9efbe60ca5,3
usr00000001,1cd1d6774387409b97a849d0e5ab336f,4
usr00000001,242a45d5887741d5bbc4fcc74bdb24f4,3
usr00000001,fe157281bd9244b5ae6b330eee5f4f6b,5
usr00000001,d7adc85ecbb449de81409a590da449f0,2
usr00000001,2afd36d982ec4256bbc844ecdbbdb9a4,4
usr00000001,e0aa0511ac494b72ad78a796325c22d3,1
usr00000001,c7df137123034eea9bd8f6b0d67906ec,5
usr00000001,8ef68a67b49c4be8a4a068500d22aead,3
usr00000001,67d26e561b6f4ab8b34d00728bbc992e,1
usr00000001,32ef5c888c63497c992f4fe8edfc31ac,4
usr00000001,f7df4917016d4d9cb512b57b410cff4b,2
usr00000001,8edb1fff936447ee9417d02748e30419,3
usr00000001,73acfdb5a895456fbd7537c4523975a6,1
usr00000001,c4db8e7c623344cf915c4c55ea110699,2
usr00000001,ef64f4f7652446b78f6bb578a32cebd6,1
usr00000001,5bcf3f44278d4a21a9a967b4b3a467a6,2
usr00000001,f79ddd599a554cc5bc1aa3304226bea1,2
usr00000001,56ca2d7ebf4d43198578bfae912081d0,1
usr00000001,d88062b35bc8484d9a81d5b229ff156a,1
usr00000001,39168073601a4d29a12cc77212d540e4,3
usr00000001,618d42cd7f0a402a99e9312f97590acd,5
usr00000001,37cb0bce73fe4e028bec87db5cf4fae2,2
usr00000001,e4076db912f245799b502b41bde8a464,3
usr00000001,9838fc2d14b1400a8e68956ac4cd93fb,5
usr00000001,cf4f9518de714db3b875e353972d6dcf,4
usr00000001,c57c27d1057345468040e2e4a0935eb3,4
usr00000001,3753f4296e744adf9f8b0bcae79bd050,4
usr00000001,fd8ce727e1d4426e85b1be01a50f8e30,1
usr00000001,f0d1629979044180ab4eafaceff91f93,2
usr00000001,2082e8572dd9457bb4426b2963a04152,3
usr00000001,ffd4085a76774ebb98b2dc390bf2d71c,1
usr00000001,4f54094eced4468abb6deb4282c8f41f,2
usr00000001,b23a2cc8a90b43dc8f0508978ae877f9,3
usr00000001,aadf1d4864414cb5bb4f38db335ccd8d,3
usr00000001,69b6102535e949ebb5fa5d973ca43ad6,2
usr00000001,58bd71a8830f4fed88ec078f7c5762a6,4
usr00000001,a62443962841489ab03655d1454c1938,4
usr00000001,5b549b06e0664d13ad0e74a30d73fadb,1
usr00000001,8cb6a22597d34b46991fee2d457712bd,3
usr00000001,c440e9108fd84de2bdc61e4807e58a33,1
usr00000001,e8666743f54d48578ac64f26795f17ec,2
usr00000001,7b62af802c9b4b98898e40e729870924,2
usr00000001,98f292b8a0bf42fba8095929e8648366,2
usr00000001,d27e701ccbe8433d8164748f49f03c78,4
usr00000001,a466044c5ad3426dbbaf996fc43f11e6,5
usr00000001,132e09fa2f034004a980dd43929d151e,2
usr00000001,e284a7a6078b4c84b2b8ab6d086ce230,2
usr00000001,929ca435a7da4fe09edd0524ad6442e1,1
usr00000001,b25de494e4b9405db5660907e5f1051f,1
usr00000001,0b4a3e3ff3e5437594c8d59eaaf3c2f9,4
usr00000001,1865efb18c924388b6bc15bf6fdaaa96,2
usr00000001,d8a2529638624d7c9332978d6d569a6f,2
usr00000001,f8671971375b4f448df0247204955a9c,4
usr00000001,46802e026a244130aab9eff9666c3a41,2
usr00000001,ca40fd4f79604f02853780e619b4cc8e,1
usr00000001,69c61a5f8319435eb3a04b2cc85b2436,4
usr00000001,3a3c136cca1048f0bdbde83ee4a63590,2
usr00000001,e9c0687bc35d4122b7a6a6b1784dccc2,4
usr00000001,d8bec2643ef34b438ec3628134a5967f,3
usr00000001,86c0357f2bf24a6f81c55a0ba2e57062,5
usr00000001,00e4611868c0468bbbc1dc2187611cda,4
usr00000001,30374c1fadf742639963324fc863794b,1
usr00000001,74f9cffbd3194133b6a6e774a176fb3e,2
usr00000001,2642bf82dffb435dbbe8030fbc1c312f,2
usr00000001,4fdbe84dcfcd4202adc623c7736a497c,1
usr00000001,4763b7914063465b8fb0be96b67f4663,4
usr00000001,c9ddc4b5930e46bbb31e32fca15eed45,4
usr00000001,f386a1487a12439898d053e27d707e03,4
usr00000001,535d4ee60d6c463abed633e601f07eb7,1
usr00000001,4b7e8f3988de41b3b9765f0813e57fa3,5
usr00000001,c2331dda6033458cabd7a47d6b7d583e,5
usr00000001,d29e1e1fb2584ee983f267319f8d7afb,4
usr00000001,72078473ce24443fb5cc71257690c72c,2
usr00000001,d4001c015e64441bbf037a34d0fcc259,4
usr00000001,7e7c0e9073214a82a464eae85fc873b2,2
usr00000001,2e4dbdca8c9a486aa8af83515abba248,4
usr00000001,9f0f89bd74f5410ba3cc1bda28a5434d,5
usr00000001,0f35b063313547ea8f7e0dbb4e15fb42,4
usr00000001,f481a689f97e44abbc4ffbbd50d66593,3
usr00000001,11163794816149cd8bae1d9252c823bf,5
usr00000001,15a0c2c4580c4499961d38d3501a2faf,5
usr00000001,fea6d7e92e3549a2b2a94c76729924e0,3
usr00000001,6cfb97e1c1274dcc80acd6ee7cc99aeb,5
usr00000001,7cd1f73b7d55464e9a988f4d1b0279d5,2
usr00000001,0893e5385f0445bf9dcbd367463ee4a3,1
usr00000001,6b92b4bb6c2d471bb9c22a84906267ee,5
usr00000001,49a5348efcbc4d41a3b9ec348c9ccfd3,4
usr00000001,e19b423b4f1741e8b24b46d158b0687d,3
usr00000001,e63d6575f18240669fa48d43c6e1f36e,2
usr00000001,adae2524a0d14789a91fb91e21ac704a,2
usr00000001,ff38a145dc3948059540cea1b99c2cbe,1
usr00000001,fbeeded255c2473e879c414b8822e3a0,1
usr00000001,8ab043dd4b4644918fd54e8074ff885c,3
usr00000001,e50e2f223e5b421db771ca79a3c09fd6,2
usr00000001,d0e6fdde2b3245bd902f2fb2d4312071,4
usr00000001,064a433a63bb46e9bfa91308391f31ec,1
usr00000001,021aa10fcf104261897e77986fe54aa1,5
usr00000001,5a1aefbd6ab6455c80c93a0412a18d2a,1
usr00000001,6f5475daf8e54a4191c57549d877d972,1
usr00000001,691fb25788264db1b9f3839c89d28187,4
usr00000001,d89d57880df549fb9799fd53800291b2,2
usr00000001,2250410178cf4809b96d2e6af792fd62,5
usr00000001,1a4081b169cb45bb96075e4ae8fa45b5,3
usr00000001,fa83438b0a9548b38f3ff195d1083dde,1
usr00000001,f591378387b540f9a9d3478370538174,5
usr00000001,c4f190d1a0c943aa8c115380ad5590e7,2
usr00000001,1db9984dfa2a4e8a8dbd9ee2061b067a,2
usr00000001,d0eea192568c4aeb8777c4dcbb102757,2
usr00000001,c19107eb1a854d018f151f1d4f6b62eb,2
usr00000001,62d93f02315a483a8ada753d0e0fb479,4
usr00000001,ced9088de56b499e96eb5e7c8fac68c2,1
usr00000001,4851871f46fa46948b186453f30e73e0,5
usr00000001,65077e9dcd1749bc845042994183dc40,5
usr00000001,8784655baa74440786e7a00e6123cfcc,4
usr00000001,161c8078cd9b4121accd070ed8e09086,5
usr00000001,47ee61447d5147d2858bc3fefe75ea09,4
usr00000001,deae53f1b7104cd49f24853116bae988,3
usr00000001,4ac92f1d0ede49958ad676336f6cf214,5
usr00000001,216ae1f085c74f93acdfce329bab5d6e,4
usr00000001,8528e9c219c2420cb2e08045691a7425,5
usr00000001,8ec07e05872e453ea948ebd97f0bcdb4,4
usr00000001,3f5af18ee1dc40c8b849e0eb3951377b,1
usr00000001,86c009616b6c4debb105872dbd339efb,3
usr00000001,7e06b0a18720407c944105ee1dd336f0,1
usr00000001,594d8d4991a8453c81ca8bdfa85e03e9,2
usr00000001,98ff9c966b004d1583621922c3d0a08e,2
usr00000001,32ee2a4b85034cc8957d36eb9ecd9815,3
usr00000001,8301b38ff61848db96966ae4315c5ac0,5
usr00000001,29ae3a3187604953a9ba401348df06f8,3
usr00000001,a56356045c5e407299d9fb4f20dc2bc4,3
usr00000001,791b738534304b6a90e63d62e0ef5cb5,4
usr00000001,ebffd86f205945da9eeb04b3ed51a3be,1
usr00000001,047e29555c9f4ef1a4866bee3898b79c,5
usr00000001,eeef228a452847109a46e5d119b206b2,2
usr00000001,d915ad1460fd4cb995ef0bb5559da28c,2
usr00000001,7ce877f5ea144196b3cf9ec02c02a83e,4
usr00000001,63df30bafd6043d69a4bca690ec2ab15,1
usr00000001,77f30cb494f344819c361bc62219f75d,4
usr00000001,04082f755b5444399ecba1a8fa174e21,1
usr00000001,0105920687114aa9b3e054066d3cebcf,4
usr00000001,427b20e9f2b945e78bf04a5775e0112c,3
usr00000001,b2f338c4b741496eba0c3127b38c4e8c,3
usr00000001,cad9d5f34b114eb49a7ff0ef42011e45,3
usr00000001,d380e0af1993467488cf68327fc5483a,5
usr00000001,92c98f9adfc740f5a4d6becbfd77b986,4
usr00000001,3ad54c63450844e5bcfe859b64012e5e,1
usr00000001,779d3e20487b49b9a5cfc640a86283e0,5
usr00000001,461b0df29d2746288107a931f4cb4a8e,2
usr00000001,2bdbe23d885946c88b7ecc3d9df7afde,1
usr00000001,53be418f9d0346b9a0cbf89b4a329cb2,4
usr00000001,7e49b1ccbde24f58a57620d4956ccad0,2
usr00000001,81876c6871164c86ab228d68097763bd,5
usr00000001,97cd57bbbb004960a6318b85f450f040,1
usr00000001,3f612ed772104a22ac4636f679ab468b,1
usr00000001,40167c35e263409d9a395ac9e4f7df30,5
usr00000001,163c576a9d964215867eb835dfaca1c8,4
usr00000001,2eaf37c1c9b04f54bbcd644212fd3afa,3
usr00000001,d4f8dfb9ae8d4ba08224d88643954804,3
usr00000001,468e6da8d6f34522aa34afa104fec710,3
usr00000001,03df80f1d071469fb5051f759b9677b3,3
usr00000001,3e093018d83748059636088743843c38,1
usr00000001,5b5fed635750422fbbefd379d2d66837,5
usr00000001,42edeb5639ce47d88be4684e1d3d5554,3
usr00000001,c7b48b80976f48c7a4846cf76e4e207f,3
usr00000002,e4ab511cd48d42cfb59373ff28049e32,1
usr00000002,8b76429ac1274acfb13f7969a8cf983b,3
usr00000002,2ec8d3dec145410eaac295235dd02911,4
usr00000002,c7ebb65413ac44b0837a2da4bd572622,4
usr00000002,021ff3be51a54cefa5c1ab3ee32d711b,1
usr00000002,8bd900ae01cd4804b8e8b33cdcc756d9,3
usr00000002,e37c3f6243c44b179ead11862e4aae4d,5
usr00000002,aac5215997d54c09a9fc1474bef7c3b5,4
usr00000002,0d2bb07d10b346528c1a510a263cd3fe,4
usr00000002,6e85934bdde4492197572f956aa7b79a,3
usr00000002,772a0dc081bc45a991221136887e0830,1
usr00000002,4a47f5cc6fa94db1b4563c308bcfbc61,2
usr00000002,52840be1d9fc46bdafa2036382386fcb,4
usr00000002,2fa1a5604fb04fc69abbe54694578679,3
usr00000002,21eaa6d878af4ccfaeaa9d7091b69973,2
usr00000002,9f5463fc4c4f4fd1abc5b24522dc1835,3
usr00000002,67c404e652094ea098411ad92cdb3efe,5
usr00000002,a93c05acfb8b487ba6ea901626247d59,2
usr00000002,1992552abf4344069bbc76629489d646,3
usr00000002,3aabc2ffcead4728ae4e7f343a3c116a,3
usr00000002,a1ec1b313afd4374a8b607f02092ae88,1
usr00000002,34d21b85252c48378fe98f6b1fc02b50,2
usr00000002,667bd335fcd34e829bbe427b1363ba2d,1
usr00000002,d9f6011435934e5d8aebb37b1972e741,4
usr00000002,b0ede12c39b244dc93219f1725a45447,4
usr00000002,0d7907446e5941848f41bb0693231368,4
usr00000002,a338fa1850b4408cb9033286d6bfd7fc,5
usr00000002,8edb1fff936447ee9417d02748e30419,2
usr00000002,c514970c11d840e3be3f8c1da46e411b,5
usr00000002,c1eba6a03a954146b7a7082337fe80ef,3
usr00000002,d9b029f8b07049d2be7f6ee38069ef27,5
usr00000002,0533b44b1ea947a4a72a4477799a016a,2
usr00000002,a50e4840e1764eba8de3f238637b43aa,3
usr00000002,928288c1a9b0441393d1eecf229e899c,4
usr00000002,79cca7d882654c109346a05eaa69c566,5
usr00000002,a3cfd59956d74096b133c6b603732325,1
usr00000002,b4e2001d50fa482b85efeefc00af4ac3,4
usr00000002,b879f403e39a4f24b5fa955ac3df0f7f,1
usr00000002,b6a9b1c4429d4e2399af02896cbe9ea6,4
usr00000002,970fdf7a871846ccb923748fea7d4ddc,5
usr00000002,9ab66b3117b44ee483858f3cdf3e6b8b,3
usr00000002,1977980a087546318a7030ca0d5ea88b,4
usr00000002,e60a3194ee5c4994b6b39ebcae3674f2,4
usr00000002,b262b6174f1f47ef89d2ab5b87f8efdc,4
usr00000002,f54c38f3bdea424bba35f76147597a0e,1
usr00000002,498f469bb04d4aea9ad9c28a72fa7e97,1
usr00000002,443b2f1bcac04e2abb3df36359436440,5
usr00000002,d11fe9d5fa5645658f7b8dd9514e99be,5
usr00000002,09d44fe243a34e558edb7a8811837ed6,3
usr00000002,d7ea75f243774e5481da262a8e707881,1
usr00000002,3e1a97af63984e8ab6d0800c3d039be7,3
usr00000002,f1870a6b822d4954bf30d463b878cc04,1
usr00000002,b86ff9e386dd4ca98c6c0fdaeee4fbb7,5
usr00000002,89a598e60f4045d78886e2c41063c614,2
usr00000002,df9fab0868184bddaf86f866af7cb5c8,4
usr00000002,9f80ceec414b4784a59f5ff3de0f7df2,2
usr00000002,9b8d1cde130e488195eaa966c2db5eb9,3
usr00000002,9e44150abc7c4e94806859e914d8e3dc,3
usr00000002,b8ff6034711646ee8f70b37673076bd5,4
usr00000002,7fff373ce8ba4848b725db8d87710e67,3
usr00000002,dace8b7b58c942d399b2c7bfb1054b72,1
usr00000002,73fe974c64054744a31c229d8015e6fb,4
usr00000002,f5faa0f936e4455892a4575c46f521be,2
usr00000002,0ce2e32e536a425fa405a03bef1d4d46,2
usr00000002,a85bc3c360c14594ba7c8c3d8f7d1d47,2
usr00000002,6e1a17263d5940d49be3bc76a30a61d3,1
usr00000002,abce4ee5a62b468082dfcb5adbc1e88a,5
usr00000002,fc85050e6185420bb1433bcb06df96be,5
usr00000002,12732133f289463785307bfac2493a0c,1
usr00000002,45489605ebcf48f3920750802e961796,4
usr00000002,e95495b7cc3946b6bf03d64eddf58096,4
usr00000002,7f5a652fbf0c49bfbf48011b38f4f469,3
usr00000002,c986c7605f464dcdbd6506ffa1ded5f9,5
usr00000002,97666181d96a46e78014d87d1e2f32b5,2
usr00000002,e75c2483eb4a44b4add13ea865b90f0a,3
usr00000002,6a390baf450f4fb5986b799a904bf1c2,3
usr00000002,74f5ea876b854a66a2fc3d2fc24f9845,4
usr00000002,b787fe38047143ccb033577fd4c8a0e9,1
usr00000002,f55e9d0ca1eb4a2e996cb5e47e9a5064,3
usr00000002,3d946faa738c4440a67ff7ec01a529e9,3
usr00000002,142c66afb1be40c7935b08d660eb0796,5
usr00000002,ecc2b735256645529485fa896a3e59ae,2
usr00000002,c40adfc2cb964b97869f7c692c8167db,4
usr00000002,12973c576b6e41de970845037c469e79,5
usr00000002,b0176734fc1244e2b53c6ff8cbe6031a,5
usr00000002,93cd5f2db37c46c9b65e54311a2ced90,4
usr00000002,5b9684525ada4547acea3b4ed5069868,5
usr00000002,3108dadebe014dbd8ddef0d7d55aa319,5
usr00000002,7fceed6e556d4486953e06227b791d1c,2
usr00000002,6f56233c572c402988ffede0c506f558,1
usr00000002,54aa1f62a12e4de091628b8e4eb77928,5
usr00000002,bb3cbfc1b80a4c9f99c578046316fa08,3
usr00000002,31e7091b09414e3abb6e1e97283f905e,5
usr00000002,78d65f76b42942d7bf30483064037114,5
usr00000002,70139f30dd31412694c2634ffa2b2a1c,1
usr00000002,a455d8a2d7d94ade9bb1ca16fd5736fa,3
usr00000002,ee89ae72419e4429b7f33299bf517572,3
usr00000002,9cf66b988cee4cea809fd9c9c6daa247,1
usr00000002,ab4e54d98dee412b86fbbc6dc264d0c7,4
usr00000002,69f7f971f2eb4b3d8e51f218fb5f26ca,5
usr00000002,831c22ca95be4f1eaa3fbdaf8cc27ad4,3
usr00000002,15204968fbf94d80a1bd7564e9440067,3
usr00000002,e0abf650390546f2a28780f3e5a77135,1
usr00000002,c6b7eff66bd8434494a2cb896aa7e249,4
usr00000002,a2208e05e74b470aa9c0ef68df592b8f,1
usr00000002,24443142bd824c24903aa6c3f3379143,1
usr00000002,f0e81bcb03024df5a1754f955f35d525,2
usr00000002,5fa9ee5748e74b0aa55ec017b281fc14,4
usr00000002,65e920aa389944c7aae1db4e97890b86,5
usr00000002,00b140e4e2a34e5390bc1c3937a99e6d,3
usr00000002,328a5d0dc5c84f879598d7903e0775b2,3
usr00000002,c00940be5bbd4dd4b0e33e91c6a58ec8,4
usr00000002,ccf185402c1046fba3936610257bb6e0,5
usr00000002,f4887ef585d94cfa9dfefb7eb92ce0d0,3
usr00000002,09c335638b5c4538a02c9f1c623434d7,1
usr00000002,eeea2fb895504b6cb69b872e157c3df8,3
usr00000002,5792098c195a4a4d85fd9a6aae97ae14,1
usr00000002,8765ac9396f2420c8535ab9e4a9e2735,5
usr00000002,0d15539cc4ae4f19871cf0d6dc19de96,3
usr00000002,3c6d297c33394b0e811fb223baa2b97b,5
usr00000002,c8fd46145952471ca6863945f7115670,1
usr00000002,b6711ce6010c49d499293c68395ec7fd,4
usr00000002,dd1c0988739d4e0eb386a378abde8bd7,3
usr00000002,c6a892f9a3bc4c5eb03d41f6965584e3,1
usr00000002,8819ad855c0d4d009d10be5448e73b38,4
usr00000002,4f734bda303a4fc797e5651fe4aff446,5
usr00000002,e27441b86c614be88d59b22b5802031d,5
usr00000002,a04f7a2de66d428dba7df50f37d40e5c,3
usr00000002,1301998bcce1403b8e646997a4c073be,2
usr00000002,2db48b2152fc4da99fff4304dfb90fa4,4
usr00000002,7a7ecee4208b4f9fa2d9c16d4fb268f6,2
usr00000002,67bd8cc7532f4a25b5c07848499ae607,4
usr00000002,964ad865c7aa493b903d34086dfd4ba7,2
usr00000002,a93643773a2a4280bdbd5378dba813d4,5
usr00000002,07e94fed7b98463ca45ac3472cc698c0,1
usr00000002,6b4df8c64cc94731b58da91cd6b82f95,5
usr00000002,4889370b392b4a03ae89b1060fdb1721,3
usr00000002,efb91364e6ce4c2b9d51bbe794eff3ed,3
usr00000002,e2095da2e70e4bdb882a7e15f7f37241,5
usr00000002,1057c1c1dbea4fac849f505e9ef3b4db,4
usr00000002,bf636985259e4ff6bdccb1dcfeb85c97,5
usr00000002,8002150a75b5421cbb80f42d54a70b2b,2
usr00000002,2f8e44e5f697484fa21b7fe374f3abc2,4
usr00000002,4425827aada84962af308bce3826bdd2,2
usr00000002,49d82ed43f8a49b38884017133efdb90,4
usr00000002,1c766ec200a740a0b2f5c45def10dcfb,1
usr00000002,e2e88e23487a4a18b83fe4062bc19f03,3
usr00000002,aa0d958393fc4b2181ab9a2695f1b617,3
usr00000002,714eec4636f047cda946ef4fbb8f1e63,5
usr00000002,f2c2e883615f4501a69711a3f3822e62,4
usr00000002,5c98059894ec4596a9febd12f3282df3,4
usr00000002,d99e4ee2a23b4ce58dfb755c23e6f4ac,4
usr00000002,9a6520537b40446fb79e0ab4facda125,4
usr00000002,8e6a2bd47c694993b33fdbd21d7c2b37,3
usr00000002,adc87b5307d44575b73bcee723c04ce4,1
usr00000002,a1218bff3a70420888b80a7d14651125,1
usr00000002,e9daefc899224ec2a02fed3dba43932c,3
usr00000002,a3409abc4e884a4b9f92cc0de4c036be,2
usr00000002,05677f7a999146ef8fe75668027dda3a,1
usr00000002,e6336e40fe3a49de96e105c02417d658,4
usr00000002,6a7d7b3fe7794c9f816c7ebc4c799007,2
usr00000002,e1fd54949ceb45cc94af289b18f40bd5,4
usr00000002,1cacecb14f7a4555bef3c65650fb3bb8,4
usr00000002,b39fbdfc228142c19c83fe505df5d5a2,4
usr00000002,72a5868726764ebdb3d631930c58cfcc,3
usr00000002,3ee815e3bf9c4fd3a7be2f6f989b9151,3
usr00000002,35c09e8015ac4fb8815cd2eebe501105,2
usr00000002,e6675965c5034173ba2ccd025586ecbe,5
usr00000002,f2d5e372f1ba44848121cdba17f7ea52,1
usr00000002,9792943b6a664b1fb365614e35aed239,3
usr00000002,57e12e842a2c414e9d64fd558cee4da9,2
usr00000002,75016727bd424365a977f40a360d19c6,3
usr00000002,836facf32ba84a30852458fb8740fe51,4
usr00000002,d1f5e3bf9b7243499b00abbdb751b004,3
usr00000002,e21fc1fd79324e74a9df23a33e2474b3,5
usr00000002,650d1dbb6a354474b20da71c5ec399f9,2
usr00000002,a4b62e8f38594e0ba737a5032339586c,5
usr00000002,45b8f1a0cb9f4f258b382cd1ed29c7a3,3
usr00000002,2ae7425477dc4b54be618c9728f85373,5
usr00000002,5e3cb4b1dfde4c6abad433bd7073699b,1
usr00000002,db7314b193f840dd85503d519b27c3fd,3
usr00000002,6a0fd31916714be4a8c79d46b996e59e,2
usr00000002,7b64e9a64ca048d896e139f520f6fcb6,2
usr00000002,cad0de8f02cc4abc8c2de4ffa1939f38,4
usr00000002,40442a4583da4a5aa36011b5ddaaf6a2,5
usr00000002,0674642a6a074c3f9fa3f8cb57e0d404,3
usr00000002,f3c2a128a67e4da8b40f128f86d6a495,3
usr00000002,8da122c9d4a04d6a8cf1fcee4514e7e6,1
usr00000002,e80fd9fcc6d94cdda16007937ceb72e7,2
usr00000002,22fd6ca18e8b4f6f90de440a62be5574,3
usr00000002,d6598eac146e400c9099733c9f0b2e9b,5
usr00000002,bd73e261d7b6433386302526e713762d,1
usr00000002,d123eb4a940841508b4f82e601b54bb4,3
usr00000002,6dab29d71f1f46b2aaf288961d1b2a9c,4
usr00000002,d58a956000dc4281b4a4f77eb555b311,4
usr00000002,7447f586cc4347f8bca00b0df4126090,5
usr00000002,21893e65b99748108da12e9571dcf3f9,5
usr00000002,994f9213b6854340abebe90d2ade31fa,2
usr00000002,c3f55ddf33d2475691946d92cea51d54,1
usr00000002,e67152544ebf4fa7ab88d6ba30fd5b1c,2
usr00000003,9a1c1276579a4fb98f4689385addb4dd,2
usr00000003,fd7056638d234e4dbca5c8847ebac7e2,1
usr00000003,cc27f1881ec44c75b7bcf7a64d3d54b6,2
usr00000003,63f0e438d2154ce580837b3d1957f60e,4
usr00000003,e5cfd7d7b4ba44909699b51080db9165,4
usr00000003,869ce99d142847f3baa3879ec47a7752,2
usr00000003,c50412565ed74a81989f4a1c7dfc762d,1
usr00000003,df3269ddbca74118a759c776b8b3e6ac,4
usr00000003,078b3e13262b4062a2c71525fc445044,4
usr00000003,742c86e2550a43019369514d403e6c6f,5
usr00000003,5204e5ce834f4dadbc2b0c5c074bad1a,2
usr00000003,a269b81721fa4aafa6b48c3620a7655d,3
usr00000003,59e633db851a4a4381bf6d3754dc9560,3
usr00000003,a2a868b9851b49de99aa8440beb369a6,4
usr00000003,7b1ebaec7ccb401d9cbce998c2af94aa,4
usr00000003,2d20bbc64bf647258262af60a62b07f8,5
usr00000003,091863eaa0444921a19f2174d70099e9,3
usr00000003,868450c999844516ae25b7a1a24d5733,4
usr00000003,4baa9c9e402e4cddae6bae4edf18a28e,1
usr00000003,173e0752e7b4448e9f58c3fc17f9556c,1
usr00000003,4ab3e16897a14bb7a64cd229ab907445,2
usr00000003,e2ffbba2f0e24e6cbacc83d3d1961031,1
usr00000003,174bd2c8318048aa98ca8a8d4b228d51,2
usr00000003,e61e73d9e9074ef3ba9b07d0b5a7f67d,3
usr00000003,4d11e5122c394d718e2cad7bd5e3a124,4
usr00000003,2b9ab57df7d04037914f72ca36d178ec,5
usr00000003,8423374076834aa893d62347133991fb,4
usr00000003,4290104cb6774b969a646d4dbe01ed59,2
usr00000003,30d58bc5ca724be19a9cba8f6ba4114a,2
usr00000003,a63ed5b74d624ba0a476c8844647aa19,5
usr00000003,8baf8b4a6fdf47d39cf041acc48f0cc2,1
usr00000003,0c7ab3e803a941dc814d52d76a168650,1
usr00000003,561a01282f2c4e808a6587c7011835d7,4
usr00000003,194c2d358bc44dedb38af3b8aab5d62f,1
usr00000003,b53ab6fc7e334250bc3a84fc7612ffea,4
usr00000003,37452016d2f04011a79821c4b4246546,5
usr00000003,4dea1a186141418ba95aade906435b7c,3
usr00000003,9e651b71f96046c6a61dbfdc3116e569,3
usr00000003,9094eebf00c748f8b13d41ead49f9821,3
usr00000003,a633a61d48c646bda9885b75d5473fa7,3
usr00000003,35e28639d33c4d7f9fe8eee602b231bb,2
usr00000003,f2efd8e67a7e42a9b0ce1cb79c61209f,3
usr00000003,fe2c624f685c4f63ac1bf88ea325dc2e,4
usr00000003,6eb7261b81ff4825a5ae8886a6fe4839,5
usr00000003,a187844a53504807818e84011ecb3700,3
usr00000003,6ba956e706f14e329a779045115dbbbf,5
usr00000003,48a868c400ce42aabed77fcb6fdf618e,2
usr00000003,018cf533595c414383d42dd256077787,1
usr00000003,e5ce3aa1d46a4272a1c187002d02fdfe,1
usr00000003,2723053871544f0dafe1850eb0ea3177,4
usr00000003,e5ff41bf3c6a4f2a9cda2f7a3701c68f,2
usr00000003,b99d4e314a6c49178a6a856424807bae,5
usr00000003,6de27f7dad3248738dfd15870170b0f6,4
usr00000003,287ab0cbf9524902aba01c2d24724072,1
usr00000003,7354ef98516f49ba8415604b8e1fbe6d,2
usr00000003,64d42053eb6346aaae2c53a13942ea67,5
usr00000003,27a7dc2f2c664780a342a178f7c778e8,2
usr00000003,0bc26d4e46b646a7b5d834ae9feeb4c1,2
usr00000003,fbad8868bc1546f29ea1fb419461c2f0,1
usr00000003,1a9522d9f0c84dad933f3507df97f815,1
usr00000003,95caa02909d8475e8d6b57a128ac0f63,3
usr00000003,98c6deb8950a40b5b44667f6132e1077,3
usr00000003,f69b38b06dac43c495f340df24bd84fc,1
usr00000003,c69af3b25870437f8aca3f797e44a876,5
usr00000003,16c6658d30004cb2bf6f20236cfed16f,1
usr00000003,c36c63ed2f2e4dedb358c4f108e1913d,2
usr00000003,2054e1f90fed4df5bd2d072c0ba0d68a,1
usr00000003,298072f54fff4a30b296f107df8ccea2,4
usr00000003,1a0eb5b3d2ca4350a5f9b1d021c9b6fc,4
usr00000003,b51f34e7ac9e4b3f81cfd09b58095ce5,1
usr00000003,63fb454798454a0abf96dbe4d60790d7,4
usr00000003,904dd35a7912463e9e53c84d9e76439f,2
usr00000003,8a286ee0687c46af991853baa5cfa09f,3
usr00000003,3348a5de548a4431a6553bc46dacac0b,2
usr00000003,3a0632bf69a64ecd90946af595935714,1
usr00000003,0c2d6ef9cc344d479a29fad21d0f0c40,2
usr00000003,1831753fbc124e1fa5981462714e63c0,4
usr00000003,2ec8d3dec145410eaac295235dd02911,5
usr00000003,3b9729f3aee44853bce469b35f5f04be,2
usr00000003,a8fed45cff434924b6d3d3d19fc3578a,5
usr00000003,528c63f3b98b4d28956af6cd76421a2c,1
usr00000003,20008122c4b4462dafcf0945e29390ca,1
usr00000003,816b346f504440b68ee4505afbcbfb4a,1
usr00000003,eb77e21aef4c40949e79b8d7bb0395f2,5
usr00000003,160d7fcab89a46fc8316691f377887ea,5
usr00000003,d510198d867c42db88b96040470a5e2e,1
usr00000003,f14923211ad04757a61b48cfdbb7b625,1
usr00000003,ab0dcf1e906a41949586813f2e87825f,3
usr00000003,0732bfa3482c498ba0f3dfaa4b6ba741,3
usr00000003,5b59a81fe86f4bce94ecedd3cd044018,4
usr00000003,8341d973c0ba4d4596842105c5f6eea6,3
usr00000003,9bad931fe58f405ca2dbd6a39c2649ef,1
usr00000003,009786177d5e47d28ef3d6468981100d,1
usr00000003,3605d731ef5442e99a9b4adc6fefa366,3
usr00000003,4458434875774d7ca441c68459cf2649,3
usr00000003,dbe383aa209a4318aa8d32c75d33e7e2,3
usr00000003,0724b480d6c144afb01a6cc7f9ca7777,3
usr00000003,07074fe21945425d9f29568b0f4c7046,5
usr00000003,8c0769df3b9747058dda734cfe7ea986,4
usr00000003,d8d5466cb95d4f8197c87c7727f9e22d,5
usr00000003,63b401bfaaf94fa9aa78639ba9d8f5cb,4
usr00000003,7ac967ddc8854154b786dc9e314a2607,4
usr00000003,923f5ce7e35f4c38aa192f902af22a99,5
usr00000003,257e45064031472d85986a7cd7c4f89f,5
usr00000003,0362f8942bb445a6a9d03bcf5a05336e,5
usr00000003,c1fcc5be80d64f76b98716fd4920e0d6,2
usr00000003,7fdecbbeb05844ed923b4c3e15b0a22b,5
usr00000003,72c549ecaa8d43b2b59ab693e38a74e1,2
usr00000003,da11498483f14ec4a7082e9b46b138b7,2
usr00000003,e10e0e5ae79d4a0bafd9b8ac839868c4,3
usr00000003,ffa9b3fa850e4536b2672fdc3306d5cc,4
usr00000003,7dbdb4f72c7b4489a34c9b7c05ddb919,5
usr00000003,2cff602832dd4c8a98c0d04ddd9eb5f5,5
usr00000003,ed79bf1e00f04dee9fbd191ac9b4171e,1
usr00000003,44709279b7dc48769d3a5e428617c0c3,3
usr00000003,1bef50c5d2aa47cb81b5c9f4f67cdcb3,3
usr00000003,cddf0c07442d4e03acd46cf75b685aa1,5
usr00000003,75361691b2ec4f6b921463c3548818f5,4
usr00000003,02cb0ed186b34f0fae25da94fe4d8d94,2
usr00000003,d626de40959847a9961d9fb26b73ed91,1
usr00000003,60ffd22bdf19420ab70bbd6d4e58b83d,3
usr00000003,cce09705fad948d6a3c9550716465055,3
usr00000003,a23c2cc465d34e918d2dd92916ba6d69,5
usr00000003,dc65c92b69944e99a44727cc258e42d4,3
usr00000003,2571db0165b94ca0a4f561657673efb0,3
usr00000003,fab393907cf04c9dbf6f3034b663cb2e,2
usr00000003,db46ff3c878c4a4f8e2e7f1d1b5785cc,4
usr00000003,96a4e46f2c404c5a8b38429f6f27fd6d,1
usr00000003,a6fbfada0f444557be33e7e5ffb61d5e,1
usr00000003,747db2c13c334115938fd2f633fb3581,1
usr00000003,b04bff61ceb0424bb9b121d7c49ac3b9,2
usr00000003,48005aeceda948ef98fe610e7ab7934c,4
usr00000003,8ac564b8d8f74db99b3500026ae291e9,5
usr00000003,0d95e5b819174f86be3a9b6e1d20903a,3
usr00000003,f1729e795c1a4634b7da89e0083b147c,4
usr00000003,6338866d11f144a381f4c254ee355702,2
usr00000003,10e13d8dbbe14abc9c6d43477afe9d71,2
usr00000003,124c109bdf9340bea1a3f83bafaa3219,1
usr00000003,4dd615ebc38b42c094a2ed2a04c33249,4
usr00000003,d8709113c5114173be2852f256723a2e,5
usr00000003,51134cd0daf94f448ffeea93beaef9ad,1
usr00000003,8531aad77c764ccc8195c84ef87631ae,4
usr00000003,f3c2a128a67e4da8b40f128f86d6a495,3
usr00000003,278ffe8a36f34276adc75bffafda202a,1
usr00000003,0a6d4a1276794e1a8845d6f022548f45,3
usr00000003,3efbfa44e674492bbf032cf18b8587cd,4
usr00000003,943cbaff486a4511b56236a129151da3,1
usr00000003,f4d54ac21c5c408a8c86f20190b879db,3
usr00000003,299714fa1e01423cac3079e4b34c7027,2
usr00000003,6778461a0cc64fd79f01c679e17457cf,1
usr00000003,52450447adf44906b43ae2b5b1d7ee73,1
usr00000003,c669045cd435488682acefb3d907b542,4
usr00000003,c53d68fcb59e4affb182bdbf90419ed1,5
usr00000003,35994e0ef5a044ad8ee6f57249eda404,5
usr00000003,a97694a5d1d94d2ab6d8d1f823e6e036,4
usr00000003,37f783c9df2748619dc6a6fd74e6c029,1
usr00000003,fda198ed4dcc49f9a2642051501ddb9e,5
usr00000003,31e92897d0dd47a2a77e31bc0b29d49e,1
usr00000003,4b8d420475b74494971990971b92b46e,5
usr00000003,9b7e57b0e0334a4b98d4a298b5ae6554,2
usr00000003,f9780390ff4a447580619ba029e187dc,4
usr00000003,ffc89ecc6190419e85880671af42c078,5
usr00000003,9e2f51faad1943289e183dc4b01707a5,5
usr00000003,40a212c0a44e4e348be5ea1a8dfa780e,1
usr00000003,e7ddf75a71114fae8dcc1dbba5c287e2,2
usr00000003,57349f596a774b93b836569a0d1e475b,2
usr00000003,e57bbaf247ad41bc811f5a981d4b8379,2
usr00000003,b6ec046d306b499689692933fd1a5258,2
usr00000003,b6869fb9e2b5498d88c72448032105b9,4
usr00000003,87e4901ab3d14c799d8490b3a74e5870,4
usr00000003,9ffe736d762f4b158fa2971459b61d33,5
usr00000003,f53c9bf7ffd144d596ace74960f56c2d,1
usr00000003,bbc6259c63f046cf9b70767e9972ca9a,2
usr00000003,119ad8b6abc047c9ba3be7e7376c3a98,3
usr00000003,16ffb39f2e454188ba64b3635b9f88bd,5
usr00000003,d26b02abe47d4d80b29690622ab41e07,3
usr00000003,c0b1030302634744a73404f33dac6d90,4
usr00000003,720466e81c26401a83b5e20cfe5c71f7,2
usr00000003,3f1c5f547ca943acbd666cc73f93c0c4,3
usr00000003,c61df9c6adc5457387d12a12546a5e59,4
usr00000003,37c8f9add0fe4096be7bb52c2b6e4f1a,2
usr00000003,70732d5e7e2142c7a7efe93cd190eb27,4
usr00000003,933684b136e3445494e91a8571e50ecd,5
usr00000003,9dfa00cf33134e11acf051b304a1e430,1
usr00000003,c744c9a113d9414cb77a9e2ef70aa91e,4
usr00000003,5f4e2d1394844b018cb3a05dc22170cb,5
usr00000003,0b533d9dc854441681e625e22c5981c5,5
usr00000003,dcaf201c250d4657aee41f1df2332718,1
usr00000003,b5cfb1494e6241969db7eec51d33710c,1
usr00000003,cb37f5f6ab594ee193d0eb2bc056fe2d,5
usr00000003,751b777e315e402dbbdf25d4005dbce4,2
usr00000003,268a437f4bd2461098e92f1d1b5b1bbc,3
usr00000003,31c1f95246b94fbc86c6e17969cc172d,2
usr00000003,470ec53ea487433d93f3dc10bddd8ff1,2
usr00000003,070c8cb280ad463e8b3c6348ea7b1662,4
usr00000003,9682d3119e894a5cb14442f20d0fc302,2
usr00000003,6536a9c46baf4c55a4820ec7495d3ee5,3
usr00000003,18c8c7e5ca5d41628278354fd2432bd6,3
usr00000003,fdd9bfb5932c4909a43849e87e7605a1,2
usr00000003,adc2a36fd8744ce69021dbb60a298d8c,1
usr00000004,15e9a6de42a04ba5bea96798ee92e83e,3
usr00000004,74c92aad948a4aa1b532d56d0b96e786,1
usr00000004,b76850a2f5924408b01f38b597513e81,1
usr00000004,d6e17308c21e46698457fa44fe674036,2
usr00000004,a08e3f0114d549e78e68841e5e478bd9,1
usr00000004,ee6223caf6b940b7a71b807556acea5d,4
usr00000004,e691359831864a2cbd68e696c06e37a0,3
usr00000004,3f562f9ecf9d43e88cc7385fd5b11e2c,3
usr00000004,951c5abf8d274abdaf0bcbd6eb476f76,3
usr00000004,52a76ee5a47146a5862dce28cf492d4c,5
usr00000004,6e8c0e86f9e54c669ab1f2e9dbe87e67,4
usr00000004,4222b4c25a844e088ddca46a5d0310e5,2
usr00000004,8e531dba84e547899ba17b7c3d210425,3
usr00000004,0e79ac6559f04b029fd1176ccb1c8fc5,3
usr00000004,fb2e1d1ceaee46488a5b9cbb7dc55970,1
usr00000004,dc981bcf48164169a9dbcdaf2ef2fd42,5
usr00000004,b85f78ed14ac4b6d8544e6d4d2b8b180,4
usr00000004,f9905944ece94a48b0994f4ea484a3e8,2
usr00000004,0c20c871804e4195a08e5825163664e8,2
usr00000004,08a3599c934f434fae2a529fe53e43da,2
usr00000004,74581cd70bdc404ea9c708e3022da088,1
usr00000004,e9af5d30b35b424a9fe31db11da67a1e,5
usr00000004,dc8414ca702745eb839890a4056913a0,4
usr00000004,abb4f3af726b4d4ca86cbf0eedc8490a,4
usr00000004,c1c557115bc346caa0883bff42ab5190,4
usr00000004,11c49de3c62c4e19a4876a6f58f4c82c,4
usr00000004,9b1091bca9eb4f11bb52f0d51f7644fa,3
usr00000004,eb0e59ea4cd74f0990afb1f49185bb2c,4
usr00000004,6218d045472e4ad8ad3008ed2831afff,5
usr00000004,42674a2d19064d2aad50d72ca49db0c3,3
usr00000004,72eaa19a2d52487d8d8bd762a2b3df59,2
usr00000004,6c8098b6dba64be78bf413f5798abf88,3
usr00000004,5f0bad4483b048eb94524270d91f03e4,1
usr00000004,04aecb457d434f909cc0c8404536e0c0,3
usr00000004,851bdd1320844fe1be33cdd58d0a2c60,5
usr00000004,f389d154f2ab4b16b2ab3bf4b445d653,4
usr00000004,56e5b3472e0748b391abea6a5b543dbd,2
usr00000004,d0869413c0bc4077a9937301017b720d,4
usr00000004,1203a4c8478a408195b35c27de68014c,2
usr00000004,875a809f15094cec9981171bf2d33a87,4
usr00000004,9da31ebb51f640ac9d4da02274a21ee4,1
usr00000004,100bee26fa9f47b6a9d41db5a58aa522,5
usr00000004,bba716a67d99406aa687d6052e23aba2,2
usr00000004,208aae74f14348ab84b2d82c014747b5,4
usr00000004,5a985d1a718c4c20911519ef17d4fe51,1
usr00000004,2a26ac2bdfd74777814b0b6a1d49eda1,4
usr00000004,0aa8fbe87d61451eb48fb2646b40408e,4
usr00000004,bece794701154dd78888981534a8d55e,1
usr00000004,87481cd89d6b4957b70b002b4def5696,2
usr00000004,62c0a71e356547b8a3985cdfa636eb43,2
usr00000004,cbe1c29e115b4de89ab70b7b795cc496,5
usr00000004,e85bc386259146b7a73747b8c3e993dd,1
usr00000004,1925e85a43c24da793a977b5dda93926,1
usr00000004,ca2a3ec4ac834be8b7f62a5f994fdde5,5
usr00000004,3f69432df2d84f1ba9f4cdaa5ea88e5b,5
usr00000004,bef5940e51ba4ca3b440fab13f884b97,5
usr00000004,22182e0ea2944e019e2d04894bc021db,4
usr00000004,3deee0c7babe486e96555a5257969d51,3
usr00000004,eb8618e4b03c4e67a8817fb96ebe9836,2
usr00000004,820b3480608144cdbd10176c3cbbd159,2
usr00000004,b0388eaf20254d689599bb865842bd93,3
usr00000004,e3a11e9f74294c4bbba63021d3e7b5a0,3
usr00000004,58eb04104e724880ba7d04ef0efd63a4,5
usr00000004,4071d4c8aba14cfaabe4d082faebbdd2,5
usr00000004,d45f4a7f4c334dc0a7c13f700336f015,4
usr00000004,e8f7febf5d80438ebb2d0ccd3b4459f4,3
usr00000004,bbb49c0291604765aeba8d3c62f4c5cf,1
usr00000004,6ce44b2ea3ed40919aad6b0e99b53d56,3
usr00000004,ce6b25654eb84c4eb9a549577b77f7d7,2
usr00000004,3b1c30b030fc495f883c0ff9c26875dc,3
usr00000004,413c555bceb1488abf65f5b14f79b6c4,5
usr00000004,59d1ba4955244d4eb0e8753529dafb37,5
usr00000004,9063360e008740c1b76e02604924d5c9,3
usr00000004,23c3cf31be2c4b878155b44efd1255cc,4
usr00000004,42910037391c44cf8983a7f1cb85b02e,4
usr00000004,53bed54adeca41369ba52d62699b5af2,2
usr00000004,3433ae121ee4459fb0ae1205cb068823,5
usr00000004,17ae22372fb7475eaa2de1d03bb2c1e8,1
usr00000004,a6e4432dd48348f78f7b421b4d3be302,1
usr00000004,f19e0759ef584a9c9a57f97b5a4cbca3,2
usr00000004,cba79bcceabe497c9fcd16a30c77f098,2
usr00000004,984559afab2b4e03838d108809cf929f,4
usr00000004,c193fb577c034911839e8110ebcc4574,3
usr00000004,cc09a2ce7d8e4e84b31603d5f3c9b2e3,3
usr00000004,e053946204534c7db7937512fb7d694d,5
usr00000004,2d5bc6cddbbd405f8c9a53b873462eeb,5
usr00000004,15b5f22252fe49219f935c3f4e2e9e1c,2
usr00000004,701101a21a5b4fa798001b97990896dc,3
usr00000004,2915241f89254834ad606f9e0bc6fc46,1
usr00000004,36a3572bb11743b79323d1f5480767ed,4
usr00000004,e05343c52d1942d38f1a4352d95c3781,1
usr00000004,6a32c488d0b54172a30664dcf08fd5cb,5
usr00000004,447b53f283694ad7a6b7ef2a41d4a156,4
usr00000004,70992fabd3bc4cd4909a2d25822215e3,5
usr00000004,9687cc16fff24d44b9146c6786b62d95,5
usr00000004,69792323da7c4298ae82a34b539e0284,4
usr00000004,df08d25f495d48b8920d273741132738,5
usr00000004,9f34be9949bf454dbee78116219a0764,5
usr00000004,074a444c26134a969886c20fba43388a,2
usr00000004,10a8b4c7f36c41988929c7247a1862df,1
usr00000004,0d2a42efcb2d48cf82837c576683baf1,3
usr00000004,c23bc06a63e34144841fe42f77fe9a82,5
usr00000004,b3ce2c49209c4d30846e6efac1e08b2e,4
usr00000004,320a62864ecb40858c3515b74ccc8b1a,4
usr00000004,6a1f146b95a44ba5abbeac617437b184,1
usr00000004,92a0b6fffa1b41a08db9e88901a8e840,3
usr00000004,bb43265a878542b28d75948677a0721d,4
usr00000004,35591ad8d6d6419ea9fb5c885d6a8b32,1
usr00000004,0ed254bf3a264d73b60c4faa3c54abb8,1
usr00000004,a855fc17464e44d7bdcbd6b4c9d332d7,2
usr00000004,7c0e3ea9cadd487d84ee5e6cc470fb19,4
usr00000004,5ae9bb7f0b9f416ebeac83b833153105,2
usr00000004,d346f4336dca4daf932a09650aea1a7c,3
usr00000004,b62723b556a3407ca739c471b8de7a36,2
usr00000004,12a1b8be6dba44a9b308e6c601312406,5
usr00000004,db962a782ad14c8b8512bda25194a6bf,5
usr00000004,7b707f7d7dfc4e08b09602454876b0d7,4
usr00000004,7386887f55244c10acb7f703f4927784,4
usr00000004,da7e43bf68054801915caf5c4404a88f,5
usr00000004,da4e10184ac749aa9aecf609f98c262d,4
usr00000004,15adba76b2ff4299811b7ee7437b33bc,2
usr00000004,7a7de4cbbc484394a5f64a428d027041,2
usr00000004,927f4368b5334b498c74bcb09cd67596,3
usr00000004,fa66e2f83c31453fbf099a8c28d49925,5
usr00000004,0ebf29f460e744a9bb834e934daffbe1,4
usr00000004,4c3ebf5f89d34205a4a6457f80497af0,3
usr00000004,ef6c8b5ed3ed46ce92198f892bfbd363,5
usr00000004,41ef95d146874b5192d5782d8943e907,5
usr00000004,0f3ee3e37ec94a079a61db7dbb763be7,1
usr00000004,1a918ac756a4412ba99e6f20c92ba564,4
usr00000004,b1563082e6d046deaccf4410e6c2ffbc,3
usr00000004,220bc4af272e4197a480128625736c0a,4
usr00000004,a77f48944ba24013ad09a95734f5a1af,4
usr00000004,bbb9c0ddc9a444b19a0429c35b37401c,4
usr00000004,5519a5f5629c43b39bd58e4b5e1db6f1,2
usr00000004,c79502c3fcd24258b6c2f828c4cae266,5
usr00000004,7b4232628edd4d99b67f9d869eb5d9f6,1
usr00000004,60b0362b16074c16b9a2a087f6134b53,5
usr00000004,7d4da5227c284ce1b83610e00351ec81,2
usr00000004,46a1e3d275ff4fe1ada29a79db6f941b,3
usr00000004,2d07610bb7f94e54a789a66c533038c0,5
usr00000004,dc723c9faab84a149b90de8cb173196c,3
usr00000004,991a45b3edc54b9ea3b4328655283231,3
usr00000004,2f6f80abf982486890dddee7bd025143,2
usr00000004,21710430c55c4ff3bb51a3d128c57ccb,5
usr00000004,4e91950db9eb4119a2992f45d783878f,4
usr00000004,f4324faba5f742f0b07b43c2f003ce24,3
usr00000004,c6edb2a930854e70a84e0a9a52ef2d0b,2
usr00000004,31d905d25007466995ce507704183567,3
usr00000004,9f1407e0c1a74eb39c4d7b5c86fd287c,3
usr00000004,791efd965f0e463b92922e612c220121,2
usr00000004,75ecf54204394abc93d9c786fa2341a2,5
usr00000004,bd195ebe66584256adb0be0f1edfa6cd,3
usr00000004,6d5c1d06156649d395411c7af87515fb,4
usr00000004,bb94fd459f774d7a98ccfa24166b6626,3
usr00000004,aa1aa34d801540199aea1a831ed05bcf,4
usr00000004,3c26dcb2831c430d9a6a326fd5e5ff3b,3
usr00000004,32853423a76e462bb6a4172046bccad7,5
usr00000004,03c06a70a07d4c78aa05f54d650bd1bc,2
usr00000004,ff059a7c142345c0986a16b55b4f940c,2
usr00000004,57b74a095a8b4fb991e58eb311675d88,4
usr00000004,7f4554ec960941ed870baff051d5cb50,5
usr00000004,2b89d8d38b734a41a80a4aa4a7c39e7e,3
usr00000004,68e26ab3a1e2407daaaedeee0a08fc20,2
usr00000004,398c8372ea414138bff3ef738f187d31,1
usr00000004,b9e4e278f56a41959e7a7b4b6eeceaa4,4
usr00000004,09d976c3ba9e4f4490c5ffe277dbe2ee,2
usr00000004,7bbab82d0ed44d04a32e7a396d0500ec,4
usr00000004,1e345bf43da4427d857885caa6dea4a5,3
usr00000004,a6dc9817de2c40e09ed963fb44f129a9,3
usr00000004,0ca8f46c8953405c8dcecec92c7aea36,2
usr00000004,5aaf0d2475f7425999969a581cb46e94,1
usr00000004,f39cc1bd37d04df0bbbd57491670c3b5,5
usr00000004,b6bcef110a4e465b8829518e3a0fa748,4
usr00000004,fe078b74c56445dd9f72796b6fc518e3,4
usr00000004,132e09fa2f034004a980dd43929d151e,5
usr00000004,59e633db851a4a4381bf6d3754dc9560,1
usr00000004,08a08f7c89644b109648ac4471727da6,5
usr00000004,52934c0f9ce044c2b1f615a8a9dbdca8,1
usr00000004,9af6ee5151b4465a9c68957a37a43fb9,2
usr00000004,d92f3d9c1d7649419d505746d5ad3d87,2
usr00000004,d6bd6f03966743faba570a34458a430f,3
usr00000004,19b49720624c4b5e9cf2b1d3d0c084f8,4
usr00000004,55ab2c1126e1432c89a80c9e2897b6d6,2
usr00000004,4135d0cbd7364da589f238cc89d21ba5,5
usr00000004,5d8f7c64e816414b9daf8a8c1f3e90af,5
usr00000004,7c33447951544fce86f27b8415eb53cc,1
usr00000004,305a1182b3bf4f18a6b33a7451cd2415,5
usr00000004,fa43ae31596e43a4ba421f4f87708a22,4
usr00000004,a145128a323c4203a4a3aea89b3e55da,4
usr00000004,038aa164b57d4ebbb46190036f8041d6,2
usr00000004,6610645f56054ba4a84f695001be6e54,3
usr00000004,62fbc21e2f734196945a4ed190994e7b,4
usr00000004,aaf1148fdb5447139159a87c457088a4,1
usr00000004,c0212119ac2e4965811cab6f5b412774,5
usr00000004,14df0ffeaed740ccb2979c35d8396f53,4
usr00000004,2a270d684d0f435c8a82b5512aa7b3f3,1
usr00000004,bfa3325316d54b9586f0af918a08cbde,5
usr00000004,db618fe17e054ddd9a8876682437e650,4
usr00000004,6fcf26ceb74345b6adcfeb2d0df1d994,1
usr00000005,ef9dff8be1e143ce88e2fc95dfaad794,2
usr00000005,167e45be37ca4497a6eb76db888120f5,4
usr00000005,c76c3dc99c054728b2b7a34587baf03c,2
usr00000005,a2176ce7e6704d0493551f1b3da8854a,2
usr00000005,4f099efe60e2410898997f08ec322777,2
usr00000005,a501d4826cda4a3dac58c61f3be16588,5
usr00000005,67abf3875ab945479bac27dbbfba9097,4
usr00000005,5273d86b753b4603a81f8757f5db9f1c,1
usr00000005,cb1033315f8c4946a97297d461a7a013,4
usr00000005,3912441c3a694ca4ba55368512849421,5
usr00000005,db6765cf327841bf8cf2b1ed7087e160,5
usr00000005,5cfdcd22c5234b2e8fb34587f343cb2b,4
usr00000005,23791b4307b24294bb238993acb615b6,5
usr00000005,0b86b56c46a14d28a5ce8981657f2f87,1
usr00000005,a2d868bf7ef24c1bac90e8a8220f69de,4
usr00000005,ce184977deb44f558f88d6201e4c6c33,5
usr00000005,bfd266c6110245adb62c1bae62969033,1
usr00000005,3a60949f4685428cb43177b6abd05bf3,2
usr00000005,ea3f071ea327476d882877d6eb5701b6,1
usr00000005,c6b9b3f5c58e4922906b7622b8eb2907,1
usr00000005,631a5ba9120d4a4b89a70e54b62796ad,4
usr00000005,7daded725c574fc79a764fe22af57801,3
usr00000005,9c036225fd694b63b740c5bf68ea0b11,2
usr00000005,e3df0543bd02493ea82a7cf2467f2e04,1
usr00000005,aedf759448054fbe9e78314c9682d170,3
usr00000005,b71ad60804f7467cbfee3c150afcea74,2
usr00000005,4d1cc432a8334bff9a8946c7519f9006,5
usr00000005,1889937a90e3418492584d981895ded1,3
usr00000005,7543234deb5343e78a1f9f5b0283c792,5
usr00000005,4a2f2da6ba3348798889711afd8b0517,2
usr00000005,50d495b7a2df437fa7cf5115747c7f52,2
usr00000005,45762fe09acb4a459faf8690abef5e0f,5
usr00000005,ed5c29ab2638480e8be585204286c506,2
usr00000005,df16efa4314449afac6782a97b1e04d3,1
usr00000005,fa9fe42087cc49ddbbbad2f7e91c7a56,3
usr00000005,d95ec96179bf4c4188b4b205d143f263,5
usr00000005,d35c86fc561e4988841a8c9e8f4f36b0,4
usr00000005,d48bb9a3480948b799a0adef950d8d21,3
usr00000005,177adba53e614192be266b924111e8b4,4
usr00000005,412b74f685934751b02a5338b7c3b7cf,2
usr00000005,c719bd66ef8d43a3a62b63476e5ac749,4
usr00000005,0e31223ef94b40a4b5e2a4bf52326701,1
usr00000005,ea6206b22d844ce1b8b724ece194e13f,5
usr00000005,a5e9ee883fd84383bef23da3ea6830fd,2
usr00000005,b3df7151a39e4ce1bb32b420b7956cf3,2
usr00000005,758017c8d76b47c9acde32be84b810d9,4
usr00000005,9fb81b0d834241f8b5506b3fea4e7357,1
usr00000005,70a3ec96b53447a090130161f630e1e3,5
usr00000005,40d72074b8954833a4e594f16ecd73c4,5
usr00000005,c047781703b64966945345751c7a201a,5
usr00000005,16aaa952cd804e898cd10d77990cc1b3,2
usr00000005,586ca3a4757546ada3ff4959b0756ef3,4
usr00000005,e252bf4690c14a84950dc14d7707e453,2
usr00000005,7723410a827043a3be386202e0169a84,2
usr00000005,54e150e1f9ae454496f7fb089307f9fc,5
usr00000005,99ff3259c9da415cb95b78386f5cd1dc,1
usr00000005,d044710c3e2b4bc693244d424d679821,2
usr00000005,e104a03b10694ab0b792f560cc95e071,5
usr00000005,b5e0dec3088e4d53b9dc4eb8be70f826,3
usr00000005,cc93c7f25e114750a57f326c59c638ef,1
usr00000005,4359a578e6674398b12e1bd2de1d62f1,1
usr00000005,06a177b7852441708bf01b8ff93bac4e,3
usr00000005,2cf4c4ba0be5487d93759b1496647304,4
usr00000005,32f5abaad0a541ffb8cba7484fc68a8c,4
usr00000005,835e6decb8b2492181635c0fb7602fbd,2
usr00000005,43cd5b9349a5447ea21bbe57059697e2,4
usr00000005,dfdedea63c754fc487c3a315e6decf78,2
usr00000005,b87b74a70aca4228891563ecc4b4f7af,5
usr00000005,72f0b4ac4be34e7dae157941fa29a68f,2
usr00000005,f73cc1b8d96246778dd53506dbf09845,4
usr00000005,2658bdcf85dd40a9bc5e5bead64258dd,5
usr00000005,844414bfecf44c489a1fc19d849bfbde,3
usr00000005,d240d26da7594a60be61591fba4925bc,3
usr00000005,ace8daa21b15474086dac82ea8f626fd,1
usr00000005,5ffbcb95c9b24c799e56acb266e279db,1
usr00000005,fa5d386fed3b443a92587668e51ff7c3,5
usr00000005,8734b7540cce4e9287a75a2ae3ea4d7e,1
usr00000005,e9c75f1dd53044fb99ad34340d3ad5fb,2
usr00000005,e684da3a4e094f18bc05653da93e7731,3
usr00000005,e84bd065de994c3dade02757da716fae,5
usr00000005,06a1649d47af4a6f86e6bbd98a313c11,3
usr00000005,1bb6d17ef8f0483692b19e22d4513c7d,3
usr00000005,7c2ef122b8bf4461b7a39d0a62ddf4f7,2
usr00000005,1f42d27787cf41e2bb5306e5bc6926f5,1
usr00000005,a0b9ae84c64d46e49cc0e632aeada063,1
usr00000005,3cd912c89cbd451ea2f7a02ee98e1a6e,5
usr00000005,a501a45894e94b16ad986fcd1c240df9,4
usr00000005,c1e5f711576044f590a15d8b0422c5aa,5
usr00000005,95ea0efbb20744fc88af6d5d99ccae88,2
usr00000005,efe1432b2b184f1b8d65e756c05e0ccd,4
usr00000005,0dc7c0899e8240c992f5b583ad646b55,1
usr00000005,c4b1a1e3aee043c6ac4d96b8ed6a2f7f,5
usr00000005,8c6bcdf2a8a8475d91ca7c75b95733d8,2
usr00000005,44e0f8b0453444428f4a0a6d700c0529,4
usr00000005,9b5a8ba56cc54a2dbb937b2e09fa4791,3
usr00000005,4a63f0e650cd44beb1bd64df9b45ce86,3
usr00000005,b4596ffef25a40d2a83b878eaf128b48,4
usr00000005,30ff46f4d85d4541b9428e2c19db9d7f,5
usr00000005,49a59da6985a4d7cbacc13db284ab000,4
usr00000005,5eca96c82dd445a792d32c22ff667ecc,2
usr00000005,788f40b69f6c4f8e9824a16b364add07,4
usr00000005,e324a5b6df3c4852af1a18015c2674c7,5
usr00000005,44b58bdcdddf4d32b76b000324f87d5d,5
usr00000005,65c7df2899e94d2996580281b9dba085,5
usr00000005,bfada0d4d0c8443ca896a1a86b2ded13,3
usr00000005,fe7a1403910849f09fa108f84aecc2ab,2
usr00000005,a124df948e724448a049ad5d06e1d326,2
usr00000005,7001eb0193e5400ca7eaf3b6fd171ba4,4
usr00000005,a4b95effb3a94f9ca3ec9ebda0d5b493,4
usr00000005,08d914c75307468ba79e7eba88873c33,3
usr00000005,5bcf3f44278d4a21a9a967b4b3a467a6,2
usr00000005,54ecdc2f94924eacb3d7037cc27e197d,1
usr00000005,460fcaeecf124664ae18164435eb57d5,3
usr00000005,bd3f95f5cd134405945de19049607c09,2
usr00000005,518c16e2658c48d29faec65c9716945e,2
usr00000005,128059370dd44fe5a5a9e6451b34796f,1
usr00000005,9bcac3ee6ecb4e13a6c59bdf2055f695,3
usr00000005,17521ab8a0f2495ca9082774f521fec6,5
usr00000005,2d254d3af61a408097b12859a4500d1d,3
usr00000005,4ee6aaef2b054a45a8bbf2c7c1cebe67,5
usr00000005,d74aa1faba27487c978d619ebb8c2ac9,3
usr00000005,e654976ae78745e0975a66e1b3768c0e,2
usr00000005,17fd2a1c85504dbd9eb9b0c16550a9e0,2
usr00000005,6b671766920447b0b80ab917842ab86b,5
usr00000005,1240c7a3954d45ea95db056babde019f,5
usr00000005,8ef2af0c59714db0a14c14bc37b9b766,4
usr00000005,17d76b9b792c49efb83b42473c1b8192,5
usr00000005,3335020e3c5e4d3f90b0bc212f918617,2
usr00000005,74b5ad438db64d72bc76ab4fe56fbeb8,5
usr00000005,fb0cc568fc744cdd9932671e33849cc4,3
usr00000005,47d1affb793146f8ba3dd53af0d1aab6,5
usr00000005,207bda5babcc4700ad66065abd21e326,4
usr00000005,f15f4ab268a34050bb3469283fd561b6,3
usr00000005,32f6bd6b4b844e2e8773267fe81d731f,2
usr00000005,c9dcce6243f84fdfa71c46a2eacd9039,3
usr00000005,b129e59b6c274974818bdc2e7ff679cf,3
usr00000005,ba9e8391aff0448c9d97340d422e5bec,5
usr00000005,9815f3b86c394355b0d73a44b89582df,3
usr00000005,08dcdbb72d524bf997408b175bbf469f,3
usr00000005,853423e226b84834bc731c5198b3e3b0,1
usr00000005,ff0ec80330c644ce8aeb3bae7f32f8ca,3
usr00000005,8d1cefb254de43938274dd230a3dcb46,1
usr00000005,e65d70c2ea0643a681b5c9fe7511a1a9,3
usr00000005,979949d54288409b9f64f857ab628e75,5
usr00000005,fdaf2e476b814902a6cfa4a807abec0c,3
usr00000005,646d0e17d9084da7909d3f4244ff2fbd,2
usr00000005,6a390baf450f4fb5986b799a904bf1c2,4
usr00000005,1d963cfa69884d2b9b5b12f9f43e3e73,5
usr00000005,14b1d8a757604cd6baf7ed5b77f60002,4
usr00000005,c940631fedd34b469869c9e60a3fade9,4
usr00000005,11d87811a5d2496987322c127d9dff42,3
usr00000005,2f75ee0bc93a436d8e39f73f15eb55c7,2
usr00000005,775231af7fd3445ca4f5d59109af82f9,4
usr00000005,d35a4f015c8c49c0a1f07705d8a4f680,2
usr00000005,a83a6f047a58491290b6e09e2f308021,5
usr00000005,e521afc865244afebc5742492cbb7f07,2
usr00000005,22ee8d11bdc045b1b51e2bfc34e9697b,2
usr00000005,f8b9356f54854b87963a21b3d4227097,1
usr00000005,b5b910a6f7184ee0852780917ffd7260,3
usr00000005,a36df8dc18e24480ad958cece90457c6,4
usr00000005,f243b1c996e04eb58cfb238d0bd340cb,1
usr00000005,585dd23f4dc34f6e86282076538cb810,2
usr00000005,ec364c5f21934010951d45588761de3a,2
usr00000005,1d119a68c7344db481533e0a7b2433cd,2
usr00000005,b486492f28e44007b51ea133891fb262,5
usr00000005,4f64e92423fe4e8da3554d6d07cbc8ae,5
usr00000005,f280991f3b0a44ce9b2bdb399a54bcb0,2
usr00000005,d95c294d67c84a49839396e7490b1fe5,5
usr00000005,8caf97a0f1b741028bf0ddd01781f8c5,1
usr00000005,dcf963535c7e47eca87e9ff787ca33a3,4
usr00000005,b080f288c07143d98e85e310684677a0,5
usr00000005,9d66753426c5483ba1e31f14e6abc12d,1
usr00000005,ab920dfe6c1a439096549ccbd4549f0b,5
usr00000005,2bbb8f17b55f430090d6df3c127ebf0f,4
usr00000005,233cea9140d04b5487a038aa2591d66b,4
usr00000005,fbad8868bc1546f29ea1fb419461c2f0,3
usr00000005,a4d9457a8c0c47e591b896d2f4e3194f,3
usr00000005,1689ddf7530c4ed699464bd98db38b53,5
usr00000005,9d12757490404a2da2f217b7cf7c6d6e,5
usr00000005,d9c0ed7df2f8461ca3103ebde5e1b2ba,3
usr00000005,a20a9ccf81904c17abacb81a595d1216,3
usr00000005,83fca48a093a4a4caa590bcca4066d7e,5
usr00000005,5869452974214a6baaa16bab0a85e73e,5
usr00000005,cbc8a0fb7c704c95ab734abdd55623c5,4
usr00000005,3d5c8be8a88d4d4d91a91faef3c4ba63,1
usr00000005,a7fdab8fcf43474bb4828dbdd3437ccb,4
usr00000005,5a18f8a774bc41369c247469dac7cb8d,5
usr00000005,b94bee445ac84668a4e253b600bb7ae5,5
usr00000005,b46ca84b8dc840e198b68df817680326,3
usr00000005,1b17bb1b7e554a05aee06009a2407651,4
usr00000005,8f9cb763348f4fd29f19cb00c729b19a,2
usr00000005,c6c8edd2d57b4d70a14188d2db5f2fab,3
usr00000005,deeb9481fb1843feae6a69e6382559e6,4
usr00000005,c714378c6fd84a82bd802e237d6eb0f9,2
usr00000005,92701762acca4e46b22e4f6659ed57b2,2
usr00000005,6ed9a371ec444df594b3a9bf711f753b,4
usr00000005,5c8787eecf1143c7bb304d070332f6b9,5
usr00000005,b359651836784ef0b46e690ef09c767e,1
usr00000005,3aa6dffa49634189a2a987e7a7cb0986,3
usr00000005,3329dbcc6bb549dc95dac57f01746ced,2
usr00000006,7dd5ce2cdc1f4c25bf57b97bf68d3f25,2
usr00000006,39373d59a79f4693ad8c124feee2b533,5
usr00000006,556d23a6ddba4bc6a76666afab74c04e,4
usr00000006,33d7ba1c06e941ca86ac8c8a55d1a6ad,2
usr00000006,296c96197c584b5384b7cc7e90caaf30,4
usr00000006,89623925fb144106b675bec9d7f66946,3
usr00000006,bd26b638f44442ffae5b058a98a24a88,1
usr00000006,f00fb867cc05403da46504945d2f9a41,1
usr00000006,05c110bd7fba4ae98335bf3b558f9ea3,2
usr00000006,cee1bc3ca00f4cd5830ee12cdbc4d647,3
usr00000006,b33c2418d0dd434f971dfb061714cd34,4
usr00000006,c26d098736564ed0b36d78152aeef3c8,1
usr00000006,40238a2584ec4f1f97c085a148dfd31f,3
usr00000006,019eb9644a554528be4d74299fcc7c3c,3
usr00000006,322987fa7c3e488182a4d0ef33d76627,5
usr00000006,98138d0d29e941539bb24f563e09a424,4
usr00000006,3593a3d62c964544ba005d349dcf4351,4
usr00000006,83bd746ee78b4f1fb2d35e877a29fc03,3
usr00000006,4610eebd5b93433b9d512eb7ce8c8ab7,3
usr00000006,920a686c351a42629920aae755c8adf5,1
usr00000006,2a98c8fe765b434198150ab7ff75c753,3
usr00000006,d64a537280c549d0bd63b7a25b7b81ff,3
usr00000006,b7a15b7c50e94261910bca4e572769cc,3
usr00000006,7f3611da2b6a4e4ea24268d6f9c877d4,5
usr00000006,9f2dffd978ae41fc8d518a572c0c818d,3
usr00000006,c04decf9f677472d8a764fd238b98da5,2
usr00000006,d8852cacea284fbea0bb1adb2e315645,2
usr00000006,795f44f21ef047ea88b6513c49814833,2
usr00000006,7301f2110e284e148f589aafbc07270a,3
usr00000006,02382975d31d409f8fa3343e1c890408,1
usr00000006,700d9f668fd24ca6aa46140237dc35b6,1
usr00000006,9dc332e3bdc449108b01c4cf132d31c0,3
usr00000006,fe26915f56c54e039c4535eefee9189f,3
usr00000006,8c4cc190bcbd44d6b9637c07e7a0e600,1
usr00000006,57370558b3094e43a048347ba10c18be,5
usr00000006,3988a6ac6dbb42f78be3b016d19e6671,5
usr00000006,4534624e6d9e42c3a82ebc9c1d0e18cd,1
usr00000006,9a5bc8831ee349808640f9e9db32efe2,1
usr00000006,b77a48f7cd6e48c69f4ac9b6a885db5b,5
usr00000006,5c44ca46b67340b096e1336398f6dacc,5
usr00000006,a01794a8c26b4607bb234753349bc821,5
usr00000006,cd301f7a5f7440bd9a63987f9d685f01,3
usr00000006,c2f2d09fdbd24e28bddf10dced8638ac,5
usr00000006,73390125a65c45b0bb76009ee625cad0,2
usr00000006,681b523d108e4be287101b7166287a83,3
usr00000006,f66fd4eb0ebd461fa64813079923927f,5
usr00000006,2b17e6ecee5e4a6581f6ffb287a54b00,1
usr00000006,68e450b565764ff39f94d959372ef488,3
usr00000006,ca4d6fcf58804b4e8b9a655a211761fa,2
usr00000006,518c16e2658c48d29faec65c9716945e,5
usr00000006,f290fd4d344842e2959dcddb4f3bd594,3
usr00000006,c4f277fe637941408c295677ac4dd054,5
usr00000006,baa98cd0caba4df09acac46a1f4a182a,2
usr00000006,f719c1465f38483fa727a57767808390,3
usr00000006,cde2077f27dc4087a22098abb77faf0d,3
usr00000006,f9e9b2c0edcf4a77ac0a15c7f0bb2f19,1
usr00000006,8330e993b0604fb09b8343020190b472,4
usr00000006,b262b6174f1f47ef89d2ab5b87f8efdc,2
usr00000006,fd5d5f7a98d04586941c3b820612a3b3,2
usr00000006,08ddc20cf83042ef838e4d9f01f59981,2
usr00000006,deb0f1e4df5a408ea81b33735c6ecc86,1
usr00000006,530db2cbddd14b61ba0eef3e8f3d9cc3,1
usr00000006,32953927d88e426a8826fb3af35e9a76,4
usr00000006,7c01ac27bf39493da5f23d5e4fcc3c54,3
usr00000006,0b4e20a718b34448b10048d84cf1a741,1
usr00000006,1a2bf49e7f004201a69d4d6af96410ca,3
usr00000006,3f5af18ee1dc40c8b849e0eb3951377b,4
usr00000006,3791059b686c40e5ba445533631490ae,5
usr00000006,01f290174f8844f8ac0177c4c7903152,1
usr00000006,528a9bb944f540afa1ab48d1e5ba9835,3
usr00000006,495fac06fa48409ba154fdcb41d35d8f,4
usr00000006,1affa6d7f2204c8085a874bde6fac10b,3
usr00000006,61f0bb6d0fef46e5a2b922bbdda4cbb4,3
usr00000006,a65f4a0aff424a60bae3608c12c66698,3
usr00000006,b3613d4ac6b249d78fe979817fdaaee7,5
usr00000006,5b5ce47593b44fc08742dac4a6c18ae7,2
usr00000006,4e35fcd24fab4ac3a0d8daff98438564,4
usr00000006,1126e4aa06c74c52ba70853f45f1a4ee,5
usr00000006,79c0bb476435479e9d66cd659c51a5f0,1
usr00000006,a6a80d734c8d4640b54d06100493b6a7,4
usr00000006,817070b03e314e99bee7ee7d053eef17,2
usr00000006,aaad0f741c6b4a35bf6a14e283733c73,3
usr00000006,7d544e86a20e4b0d96a6e1e3722fcfcb,5
usr00000006,44840a7fc4d14c60a1df87f75fb719ca,5
usr00000006,f0716ca4609b469db35d206d7e2879c7,1
usr00000006,1edd8e8859c84af294e87167963df68e,1
usr00000006,c829ac382466497a8bd0ec587d3c6a5a,5
usr00000006,6066d9d5884b4571854094c75ed1c80b,3
usr00000006,de6e655c07b947f28d9c67aa56f73054,2
usr00000006,4bf9956035674efc807b762c6a7b9a60,1
usr00000006,65114147232942b7826cd0c222f47e58,3
usr00000006,600ea5ab9e1245458e5cfd882d940666,2
usr00000006,84c1ff04d1f040d28d4e276526ebafa7,5
usr00000006,abf852676ecd4be39efe18458ba8e4b7,1
usr00000006,17a3f70cb2054b75a4648d7882313ee4,1
usr00000006,c1dea93a2842456e87ec5c60029d070a,3
usr00000006,d13fc5ed72454b718003888512be9f40,4
usr00000006,f4acb5ee640e4fb89e74e9e65740bb4f,4
usr00000006,3a699239fc1747e0939bb6465e5fdbaa,3
usr00000006,45bbceb0063141358bfae5199acd7e2f,4
usr00000006,33be7de5c8a640cea7c0e368b05c2b8b,4
usr00000006,4c6822280368408c9ca8a1591df66297,1
usr00000006,d0ebe5329d724d7c8ffd5c0b953ea6d9,1
usr00000006,3b55d7e6fd744d4bbf0493ae526b72eb,2
usr00000006,1673dd175f774a739c7160406d252ffa,3
usr00000006,4e0a198132c34e2ea20e686f5299793a,5
usr00000006,c98512756ee94b9d84ce2c2e0c1d3a7c,4
usr00000006,ff102977bb9c4a5da4eb35a082d26458,2
usr00000006,19d82ddb67924b4e90a6d38cfb1a78c1,4
usr00000006,130290091fe4440c907a6bbc03f61e29,4
usr00000006,658f99ea9381493b894995a82bfe1e96,3
usr00000006,5af30a917ed74e8a8a47d437c0664716,5
usr00000006,5599deabef49424eaea085d90c723280,2
usr00000006,4b943ba7a825497dbec9d661df5443b6,1
usr00000006,7352ab9a716a487d92f0c2116a1d8224,5
usr00000006,712a7f6812c64b349996c75fd0820978,4
usr00000006,97be467919694c4e88f4a58f7ba22c8d,5
usr00000006,28ba295e106a4cde854ea0cef00583b3,1
usr00000006,69c8efe8c27b4d859809b78a1150aba1,1
usr00000006,852ab9165b3f45699fb8843bdec3f386,3
usr00000006,25f918c3cd734233907814ad4a4bf9f3,2
usr00000006,ac78c1a16d3f4ad9b5c7add322b01104,5
usr00000006,b62cdb30746c407ca592d4b1fdc425b6,4
usr00000006,797278a71b1a4b17bf57510aac2300ab,3
usr00000006,be54863c4fe84945a048c943c6659fa4,4
usr00000006,86f78a7627ed474989d5e6bd1e82a793,2
usr00000006,ee427e12623146e496da562e08cd8550,5
usr00000006,0d432df9a5154441b7d1cc63324de087,1
usr00000006,bf0f2004c60e48ab8a95414e03cd63d1,4
usr00000006,bec9b759b67c422fa0b847f53db08d34,3
usr00000006,82226b0bd3ce409492bf8c063f9f4ec1,3
usr00000006,ceff8e5d75a347d1abd58873b9b36dfd,2
usr00000006,8d789bc232844a79a13d8ba37354f888,4
usr00000006,12a1b8be6dba44a9b308e6c601312406,4
usr00000006,ef7f3fba8723460790a0987f8e2e7f3f,4
usr00000006,b7f081831f174e31a32b3a2f89ddc0c9,2
usr00000006,76597c6bac6b42d6ad6432dca5f71941,1
usr00000006,fc57dc7560164262bb6eb8e4415979d4,2
usr00000006,0e56559103594c6ba5203b104bd0840b,4
usr00000006,879988dc3c0a420390a64cf0bfcbdaf4,2
usr00000006,88966ba36e30472d9038f71d0d9f0592,4
usr00000006,a169ac16110c4f73b5880edaf1a3df03,4
usr00000006,934d1a2ae63e44d9806b0c7bf7f2f44b,2
usr00000006,1318b3ad14c944c2a794749d9a57d250,2
usr00000006,ff0a07da523144fabb1022dfbe1653e8,1
usr00000006,057cddfbb4d2447c8bc754f24f8d838f,3
usr00000006,6898616220674d08b10e61ba474a56ab,3
usr00000006,ee5202974b584849a3e4734be3948872,4
usr00000006,b57b21749ba54b3d8d08b6727890949e,4
usr00000006,7329aaed3fb641a6872d82f8c0887ce9,5
usr00000006,c99311b8d75849fcb51b01ebac173549,5
usr00000006,cb6559d032974988868ab79686e798db,1
usr00000006,d90abb376fb64edf9b2fa268122af47b,5
usr00000006,c8f9e89a2d6a402c80043e25e94dcb46,2
usr00000006,02c17ce289de41da92e188f458e29a42,2
usr00000006,66dbccd90e974dfd8e7c97c96d95ecc2,2
usr00000006,9c5ca5d18213450795155b2171c084da,1
usr00000006,9a689adec45540829b521ff11f100982,4
usr00000006,bf53ee258bd84e0090edd19241e0ab1b,4
usr00000006,f230a71ababa4a3ebb0ca46e9834cf14,5
usr00000006,925b0e91394649dfbfc69d9059ad1533,4
usr00000006,081d009a4bb3468b82b7accd59d25e96,5
usr00000006,7c0eea28ed4740cb83b552d4b334d580,4
usr00000006,381e336bea69430fad5a12352ad53ab8,2
usr00000006,e9d43343b82a448ba231cddf2424b174,5
usr00000006,e6b60ca5281a4c05aa01149491e51c05,1
usr00000006,016c3e8516af452183474828522f6b3d,4
usr00000006,c5b5bed61da042ddb6d17392a946c8a3,3
usr00000006,6a2849812aaf404c9a756e5f5d09c840,4
usr00000006,08012b0f1c6b4d6ebc53cc654fdb80c5,4
usr00000006,cce201aa98724151a9d8d497456dbaf4,5
usr00000006,74a9776e50634315a01ac2d9763f7d7f,2
usr00000006,b3c8237275a742f8a0f64fecd19f5c1c,3
usr00000006,07f2ceae23184e6a8dd5e13fd96a76f5,3
usr00000006,4bbe8d050205405b9bf84b5b9b7cd0cd,2
usr00000006,72980db6a5f741b9ac6deb5926685ba3,2
usr00000006,0c6c237b704040bbab1cf0134bfe7067,1
usr00000006,787b9ee0ec774a26b3f331cb81d8a340,1
usr00000006,18bf7788ec6748518c47bbe7e1c3bf86,4
usr00000006,53dc476d0c934926bb5562ce7320e4f2,2
usr00000006,9a1da7ed600f4c3399e6a332bedc8f69,5
usr00000006,dfedb1d2345040cab516c2da7eb2c496,2
usr00000006,d5d6158636a94a0187fbe0834758bf8d,3
usr00000006,bef629bff70442f597f6b387ec63225d,4
usr00000006,171c6af820064eaba1dfb970b0add311,3
usr00000006,b635fac160fd46cbaac6c64d4c096c83,1
usr00000006,22c7e8d2c5ff493dae5d078787a3d8d0,3
usr00000006,1c11bfbfa09444319df9df64b1cd8a09,3
usr00000006,1fbb25da52f44ee7a6a50004acc10316,1
usr00000006,510d583894184f56a15ff820f5e61e5c,4
usr00000006,6c7076ef4d3b4cd29dc5cdfd0d38a742,4
usr00000006,2510d69f4a374ddfbd5e1a7d9e0059f7,5
usr00000006,c4420cbeeba6455692790e1063d658ab,3
usr00000006,c12e63813f7b42ebaba46f389e39caf5,4
usr00000006,f5cda666a5b7473e8a127d09a6f680dd,3
usr00000006,8b284df12c124e8b980d3067fd6365ac,4
usr00000006,fcc9ac72560842cd8eaaaf997da5be21,5
usr00000006,2a82a8f23ce448aaa2db0f3838b9c763,1
usr00000006,06b875a3d9ce4b0a8fa8b0e95b48ff7b,2
usr00000006,78842fbae6914b6594a8ff86d93a48ff,2
usr00000007,a982a14e426241f89cd50bc68f83f2a5,2
usr00000007,706967026f41495bb196773b67315aca,2
usr00000007,a1d82fe3381a4dbd86f39878bed29bef,4
usr00000007,75d1a78586f54339ad946faee4cc9ec0,2
usr00000007,f4d795afa9914a8b8b17bbc55dd76e65,1
usr00000007,6b908491593e4d56ad44046fd7da5e00,2
usr00000007,938b906b5dea4f9fbff4260c5b5431be,5
usr00000007,3e6be0a37c11490392b8b8b71401c53e,4
usr00000007,f850bc8635b54c2686cc74bb1fa017e7,1
usr00000007,35869f0660a5437b96890f65586c2e52,5
usr00000007,a46b5f4c3e004f0b9cbcd7c250b85013,3
usr00000007,efea4761e9a14e428ffe67e2ed60410f,2
usr00000007,decc516fc5fe43418bc17d33eccbc72f,2
usr00000007,220b04b5428a4bb4813ca9b07c111699,4
usr00000007,79cbc8998130463d891a1886c1b7a65e,5
usr00000007,3eb58e0f6db24787bb642dea8d196a83,1
usr00000007,62a986986e114239ba08d8f1580de63d,3
usr00000007,ac7232e1847c4840a1ceb162c7d2dbca,2
usr00000007,0a889b2e839e44d7a435386e096e3571,5
usr00000007,2993662b63d341279c375088fc74a681,5
usr00000007,e603eb6010c34f3fbf884db669c7069b,5
usr00000007,5fa09d9046f749868216da524da1aa74,5
usr00000007,3359312e709a48f6b2c97f9aec3641ad,1
usr00000007,35e462c898e446b8bb00c18d45f71bda,4
usr00000007,ea4f7413b79045ad9d6f5bf1d9052c1f,2
usr00000007,aab2d6887d7a4dcfb504b2459d6792b7,3
usr00000007,bc7632c06b384cb391b3b15ec9e412b7,3
usr00000007,68c6551ba6dc4c4c9011f8366b8fa515,4
usr00000007,3d794151707d48198e5228b8c7cabae1,4
usr00000007,9e3ad9a60a0d4e71829e801b7e636050,3
usr00000007,cd46406f662e4764b1936a68f6c2855f,2
usr00000007,9c91b3a3990d4cc2a5e802440f9bb72e,3
usr00000007,82f0806db99c4ed6977c10e200ef1e5f,3
usr00000007,d25f613c2be54e8e82f1959f1dc98e2c,4
usr00000007,aa7318366dcd4422864739c6edf5b3da,3
usr00000007,e93228d3f481412e95b2678555dddcb8,4
usr00000007,70c180031dee41a5b6bf3e0bfe142da5,2
usr00000007,e2aa0945889245849c32a757883b3cdd,2
usr00000007,a0957a46ac1e47a7ae8d341718c4a3d9,5
usr00000007,ea36b0bfbad54874ae4aba7ee089d3b3,3
usr00000007,ee85a7289e4745ee8bfa7c1d0066c50a,2
usr00000007,edbcbc1b75484ea488a6744b6b3c38b1,4
usr00000007,35750c8d443b4b609592b99644301ee3,3
usr00000007,3fba42dd4d324fe1b6ca1f3370b11313,1
usr00000007,ca1f0fe041b544d7b5a72086e9f80283,1
usr00000007,b723a4aefb0149a38dea2648ad45e490,2
usr00000007,3edafac13ff54afc9c5820e9d1563310,5
usr00000007,e72579ff60d3408eabc765b9db169ba1,3
usr00000007,e148c34376af44eaab4077eccb517597,1
usr00000007,adc8fe478a0a4818b363c572a4760b86,4
usr00000007,aa4357de5b4843b595659aa815cbf546,2
usr00000007,2b2cc96021b14f1ba3a4c1d7c444e9e9,3
usr00000007,9d2c6e72b34649ed9f8a6e3edd1ee7ae,4
usr00000007,1428fd2a3cc547cb8498c4a0cbf2bc69,2
usr00000007,b30901c65e834245be15955c3e34e121,4
usr00000007,5056cce206b549bfa0d72bc880c64de0,1
usr00000007,08d78d1bd2e74f339d14d63d0c53702c,5
usr00000007,eb25251fd6864b1281e540c701e3be88,5
usr00000007,ed985421f1824c31aa745514065da601,4
usr00000007,60e8ba7eb6764050a35dd568b5818f6f,2
usr00000007,5168c15dfe324ce8ade1d6c1bc120207,2
usr00000007,fd0b34ae32c14af1b2ed3e7fb4fbda08,3
usr00000007,88849b6840b744f9bd9fa44f25594900,3
usr00000007,8e72acce30dd46378ca3b559426991c7,3
usr00000007,e173adbe5a8b46de8c4494e6bf2a4c45,2
usr00000007,26a97b8e89c64aed95aef30127a0bca9,3
usr00000007,c4ff402a38284762b0accab5fff18bd0,5
usr00000007,6f91e9e53a7a46008173b40552e1c3a5,3
usr00000007,b29b8a9939a146cb80162e2d814f393b,1
usr00000007,dc26bb946ed8491482ab106c3a4b6bf5,4
usr00000007,ffbcc6daab6f40138f9c2ce6519a99c8,2
usr00000007,2b1163e58cf64bc7b14a701cbea86517,3
usr00000007,28e06a6b3e494522ab2eac75714c3f3e,4
usr00000007,5417a2b4cbe649b28f4506f7f4da8279,4
usr00000007,701125ada3cd4e9ea1bc7b25a1088dbc,5
usr00000007,387d2bb7578d4cfb9c5fe8b75ca9fc27,1
usr00000007,83297edecd034a4ab3c79e8ab468e07e,5
usr00000007,ee792ef266074c5281b4b228dbde9466,1
usr00000007,163cf40c82fa4390b6ec8638d502bcf0,2
usr00000007,905fa6a3d27248f28d1fa6933f9023b7,2
usr00000007,dfed087d9a704966ba43e7b9484ca6cc,3
usr00000007,e735673d7a6341548af59702edb091d2,3
usr00000007,2b4c7c8e0c434f7092f2896f2dad6556,1
usr00000007,cbd9ae03bc7a48e28a0455b1afdbe397,5
usr00000007,ec93183561f64048b8905daa0a8df8e1,2
usr00000007,d4731117de7147c9ab2c38784ae339b7,5
usr00000007,2cdb4679d4b74422afe2db8c18831927,4
usr00000007,1efe93f0b3014e04925d4e3c5dd43115,4
usr00000007,1fc2c3dddb844c148d51861c32c74d37,3
usr00000007,ba0c7a8282d440858f9890b676bd73ba,3
usr00000007,5ffa584b33f8498ea9a539bb28b35672,3
usr00000007,e3699caf527b4e32b9e7d318f5e8e0f1,1
usr00000007,6a4cf1520c4d4854bef54385118ffd46,1
usr00000007,7e647485858c42979185869209963544,4
usr00000007,b38837c4a60343aa83942875c67b5cb5,1
usr00000007,17b1a6c60be14e24b7fbf41222b4ee94,3
usr00000007,8a0b0f4daeb44abea271d369ef53fa72,5
usr00000007,ab47dfbc6c4f4dcb99ea6ea668dec1c2,1
usr00000007,5b83c12b905b4ee4bf87d99aaa2fb80c,3
usr00000007,04703846451f45889ad3541fa718ce06,5
usr00000007,19b63c5c5b664660bcaf1a667f1a5b77,1
usr00000007,1615665a644f43d9a448bd8b3e953798,5
usr00000007,0af6d02932df4f5791a29c4573695620,5
usr00000007,135ad4b8018a42b992bc751bd8645834,5
usr00000007,981959b76e81497b805b96ae91c7dd37,4
usr00000007,7e23c41c455e4915abcdafd3f48000c2,3
usr00000007,72cf991d73fa41b49c1178a1803643b8,1
usr00000007,8e1cc0e2c17840fa9522b3b2b8800eb3,3
usr00000007,124843b3f4b246cc83b21c5680fe360d,1
usr00000007,3a9803be18cd4f0b9f89dbe717353694,5
usr00000007,00ea98ec9fbe40739e863fd3f5adf09e,5
usr00000007,23e95d1b236f4305812ac753d7ad19dd,3
usr00000007,38061b08efc64c4c8301fd33071a1fcd,2
usr00000007,7c468c40807f478dbe37ead1ba1543e5,4
usr00000007,8ffc4076b57b4842aa21e6e03ab1d9d4,5
usr00000007,60b13326d4674394883312561accc609,2
usr00000007,5be56dbed29246df9cc0379b80b7b48e,5
usr00000007,511be49b2c1e4edcb60f4fd67dd477b3,5
usr00000007,facb759c88284139bfb2866c348615a0,5
usr00000007,95acb2aba8914997bbe8ec6ad8810d05,1
usr00000007,b7323704e0a3447d98a41a7b39771180,2
usr00000007,7eb7d85df0484eefa7f46e3cde1fe82a,4
usr00000007,7336f74e21874e1e885fdb4b409c9e69,5
usr00000007,2e698708c494453c90ec27f656f9ee5d,3
usr00000007,629cd7e9597740c295b878b9567b2ea2,2
usr00000007,3593a3d62c964544ba005d349dcf4351,3
usr00000007,2a9ede14a63b433b9ebe4bec18f9de96,1
usr00000007,5302eed723454cbf883db9ded4179329,1
usr00000007,dd2ec65008e942a681590ea790802e78,2
usr00000007,1f33fd6f330146e5834a7d36444dd95d,5
usr00000007,6c2d21b063bd400aabcda81bfb9e7521,3
usr00000007,196d2abacb754f53bb1cc7d2245eb020,4
usr00000007,d066aed6c8754a8f8d6f9614e2e1a6ae,1
usr00000007,f280991f3b0a44ce9b2bdb399a54bcb0,1
usr00000007,dbb424a5201c4ea8845c581cbc29134a,4
usr00000007,c55722d69f6748d89e15d05c5eb0fa4a,4
usr00000007,7ed64d42389941f58b041d4ee252f78f,5
usr00000007,be54863c4fe84945a048c943c6659fa4,4
usr00000007,dccf0c4cac1d4057ba63645f17a68b21,3
usr00000007,92785c85ade64eb088509f54203f93b9,4
usr00000007,f4ae9494439d4f11b6bacf7d6d5aac5c,4
usr00000007,cf398b691b64438bb0f3555aca0e6f47,3
usr00000007,b262b6174f1f47ef89d2ab5b87f8efdc,5
usr00000007,81e9307cf474468b815cc12453ff4fa8,4
usr00000007,aa313fc7b4504ece8d5d784c5f23ffc2,5
usr00000007,9c3b1c0e22ae4c8ca5cfb21f5e848ce6,2
usr00000007,ce09dd2626974730b7506e0e030c4573,2
usr00000007,881ab8c3c6ea48948a6b009f2dee4814,2
usr00000007,fca8f5be63994ab29ff49da2c61674ce,5
usr00000007,91be4d0ffdea4e18a0e58e34da2a90e6,2
usr00000007,4e8075e6ff9f46b8920540fc5a0b0e74,2
usr00000007,223f62b5300243bf9d4a7b68bdca6a5e,3
usr00000007,659eb66e8da54a77a906bb09a16ada0f,2
usr00000007,c97cce9714504528aac37efe8aa444ff,2
usr00000007,55648964fc1d4c9dad7fd26c4b677472,4
usr00000007,1f779d360b054d4fb4d1aea280ccec6d,5
usr00000007,30f05cbdbab444a1a2c60236b55b39ab,1
usr00000007,39fd1e4746f843998bec52bd11baab0b,3
usr00000007,57b9bfa813754b5a82cce9fda41ee438,2
usr00000007,402e3b0c8cec4ed4a1da46e26b3d65f9,1
usr00000007,974602a179d449b887978e9afd441b14,4
usr00000007,ae41f8114fbd472ca2b7e50d1b2abbc5,4
usr00000007,e89b3e4c24ab4e1697831fa439c073a3,2
usr00000007,5290f84a23f141e594953ee6d1106718,4
usr00000007,6e27e4ffdce04d798720fcee3f338a80,5
usr00000007,8ce555ded074487db8b20a09d1a0ab3c,1
usr00000007,6a68f09a273e40b88599a5db6440fc95,4
usr00000007,966da183298140179823daa1f55b9d2f,3
usr00000007,ea380507026d464e82fc41799864e700,5
usr00000007,47ee194c7b8e44dc8d5f2b41b95f86f8,2
usr00000007,e380554106274c4685dcc8448664e8d2,4
usr00000007,3ba85e33397e4f5d9c96eeae3b1eb323,1
usr00000007,175d470008cf4ebca152fa6ef6a2938e,4
usr00000007,e025a5fe70f641b59428c23e436fb57a,1
usr00000007,2f5af7e0d32946b689577c5d994f97c0,3
usr00000007,96380f261c3643cea897ffbeebb00338,1
usr00000007,7073fd98dc9f428cbad4a5253ba62634,5
usr00000007,a92eadfeb2b24597b4be4638cc16f537,4
usr00000007,63d909b883ad444e8038f99af11c9ee5,1
usr00000007,1cf2d7004a7449b4b0ccba2a55af47dc,5
usr00000007,d573d166d53c4c968223d481f084e766,2
usr00000007,559fd72ab5554c2f92a0a8852096569a,1
usr00000007,f73070c1dffe4fb1bc6dc77cf7da59d9,4
usr00000007,4d568daca04348fba646088d755985f6,2
usr00000007,0a38b589fcf846f0b01363cdf1ab51d2,2
usr00000007,d91abdd07c134d03968d8e59613c1207,2
usr00000007,0e32ae33ab734d1bbcd42a06e61db087,3
usr00000007,d756666a67904511959cb601e9ea031f,2
usr00000007,0abe5ed614b9418cbb99eca446c8bd9b,5
usr00000007,0fde03a5d6dc4f1989b0495e230559b6,1
usr00000007,ce51e609fd4646a9967c04f3c2638dfb,2
usr00000007,6e7590bb2cab462c9077d1521b11542e,2
usr00000007,d6c54b204d0a4891af478eb7e0de602a,1
usr00000007,e7d7386c744745788a10f2d93edb34cc,3
usr00000007,fc24edbfa40f4d2da595671dd8ce76c7,2
usr00000007,a3111a01a9644563b8720c329add89e2,2
usr00000007,55ab2c1126e1432c89a80c9e2897b6d6,1
usr00000007,7d09ad6285a74630b3c5bb7e5a16e235,5
usr00000007,2646db89375a471980ae26c85dc11ed5,1
usr00000007,2f6992a46eb64eda9cea368f4fb2ffa0,1
usr00000008,d2f59b013bcc4e23aaefee2a3550af0a,5
usr00000008,44666b2ab48245509467c3b72812e40e,4
usr00000008,0fa0801d759643ad871761968aca78a6,3
usr00000008,562fb934437344b29a4707f8d8882e43,5
usr00000008,7367877a10e64eceaaf8ef2f494b199f,4
usr00000008,dd0a491f6fe943eda4005a36dd70c843,2
usr00000008,e0d5502334974595aa826f75a0baeeb0,5
usr00000008,b1f0ad70f0a4487eb080a4db92f0d006,5
usr00000008,db87b447044c4e5aaa8959d4bceb1020,2
usr00000008,c2ad3f9987ba4e48ba40ec56c300f4ef,3
usr00000008,e5d79333df724290aaad09c0f6fe7538,4
usr00000008,dde2902f031f47ac825a11892e2339ae,3
usr00000008,5adda7dc25fe4065a788e70248244b8b,1
usr00000008,96052aebc22f48a8a7b24eff8457edde,1
usr00000008,3adb74cc5a954301a01d7816b91e588b,2
usr00000008,ea62881b031f43359d46b0ca4252dc26,2
usr00000008,a403ad9b6cea4b229d21f24242ab5282,5
usr00000008,da04ea37e97f43f2847acf196e4db399,3
usr00000008,4f1c71380172412dab830e16fb67f2eb,3
usr00000008,55f9ceaca568418fbab8e4fffe17ba43,4
usr00000008,0d18e2e3be9c41b482052cdc56bd9640,1
usr00000008,5220b6ab831a4226a5106e56ed20a674,1
usr00000008,d38a3bbb024f4208a1df46a6c2179b09,4
usr00000008,ed879ac27bed48a78dafd08dc3775ac4,4
usr00000008,633f1684160b4ceb9732fa2ebec74dcc,5
usr00000008,0acb8bb6d2fa4d19b2b53fc6abd14c01,5
usr00000008,1457d597a529442dab2eb6dfe1a3aeb0,2
usr00000008,91077e3c08814d91863f0f316e2589c6,2
usr00000008,690633e233024adab82450b9e962ccca,2
usr00000008,3d4e0e3f5d1647188119cddddc178ca9,3
usr00000008,19c409964df244318fe5a5049e52a88e,2
usr00000008,9c0aadece9fb4029b95b262fe8a2dec1,4
usr00000008,911969128e7047b6a6cb95265014e07b,1
usr00000008,13771ef0bd76433e99ab44e69e5af145,1
usr00000008,20474ea860db4f0ba784a9fc97287355,5
usr00000008,362721ac4d074d459e7acc56e228a56f,5
usr00000008,9337c27ef9f14f84bdcb342fb6d4575d,5
usr00000008,5b8e07e0b46e4151b8c85203023d34c8,4
usr00000008,c8176530529d42e491e7922217de8e2b,1
usr00000008,187f230969004f7ea9e2ec517958a096,2
usr00000008,65cb0ecd3e534469ab9d83b8ba79a166,3
usr00000008,172ff91c1fc344218231ed59a20f3813,5
usr00000008,bfa8147ab9d04218ad6aad7b0b3f7b40,3
usr00000008,235d43506c8d4e209d349429959a9310,1
usr00000008,22b6690090d6474991e41b3ec09d1677,4
usr00000008,a8869f959ca54570a71a738af3577e22,4
usr00000008,c056c000c5164bfcb82e2b7c356d3174,4
usr00000008,0e9efe423890498baa715dcb305cdd7e,1
usr00000008,f7ecf4ab93ca4ecb8aa767ff940cfc3c,4
usr00000008,ed348e2291ca47568a71b992767ccccb,4
usr00000008,8b8475fc363f46638a4c048b8973e12a,5
usr00000008,94c0412560d04eadaa03f301b7d81c3a,3
usr00000008,ab977073c5e64e16b78a369a65df8af3,3
usr00000008,c9872ac3cdec42ef8abe420a85f543ed,2
usr00000008,0b06d7476bb7408f91d9f736946de2f0,5
usr00000008,2bbf3c8c9a6a42bba0541507eecd0430,3
usr00000008,feb611b3c78544b2a4ae8c97e67ee16d,1
usr00000008,c0e15c55627a4b61a06177e556939d12,1
usr00000008,d2ec824e80374c4bb21efa1df0b156cd,5
usr00000008,c367b866f1b440669ec09ace42c6c031,5
usr00000008,8514454f3c714ab4ab03c4aeb344dfd4,5
usr00000008,8fd04e6be84441c6be2eeb7a392e3359,3
usr00000008,123f76bee4954b44b7ebd433876a89c3,1
usr00000008,91334d4e1a344f7197b8419f33e4fde1,4
usr00000008,1801d9b10b4849b6baa098a766169ce2,5
usr00000008,e3801e34b1e94b08b30fd62826d5c730,5
usr00000008,bbf34115046a49fe808ce9cdb9e55d47,4
usr00000008,e135ebd2f8634f90a405ee4e0abb190e,4
usr00000008,6a38624f304b4a4aabe8effb7b56c332,2
usr00000008,350e4b7fb0df464c88ac46d89e051ba4,4
usr00000008,43db81d5c71646f580f5aaadab24ec6e,4
usr00000008,b2af0e1855e9412d949b3f13a63086f6,2
usr00000008,a4873703d64c4c20a2d1de6974dda01c,4
usr00000008,b003857c0ae24e7d9f052e6b10982451,1
usr00000008,0132ce0e137c4d02bfa22c9c1544b5fa,4
usr00000008,6535ef6337f040c596b225ae5f7bcbfd,3
usr00000008,f29d087595ec4a099542469dd240476a,4
usr00000008,d9d2bf6473a8403694e762c7f0dc90fa,2
usr00000008,893f3cd1ce794212b981d3c3d8415bec,1
usr00000008,6e337003acff4473971e698f4fbfdf42,3
usr00000008,a2a301cd6a2149089d87e61bdea74d9a,5
usr00000008,f32656a620324931839479245b0cab78,4
usr00000008,2302c0fcd3d4441b87bf6253830d7b10,5
usr00000008,9a7fc3e9f1ad498f89c305176d6b2ebb,3
usr00000008,15468d90a7404e82a86073fe3f35e5db,2
usr00000008,720f9899615948c093e7ce2ba0985a7b,2
usr00000008,49c3144bd5bb4559827522841ed9e1ed,2
usr00000008,ac38cb1391634c00a9b4d7aa9cb5a712,5
usr00000008,5f5ecea50ae34e3e98245b623e45feb9,2
usr00000008,d2b14412633d4e7f82e0bfe84085b787,2
usr00000008,94a30b3141244180946c99362bdcd158,5
usr00000008,b727ff853e24404086c00ce0e5e04a1a,3
usr00000008,8e87c2c20cac4eac8f16bfb24efe3dd6,2
usr00000008,d915ad1460fd4cb995ef0bb5559da28c,4
usr00000008,9be5a246fc6b45acb5c5ce7d2c83739a,3
usr00000008,ba9593399edb4aa88bba8296b5f6cb9f,3
usr00000008,a5ba0678c34e46a68d45b597f99111ad,2
usr00000008,db3412320bfb4a58b1df3138d9265ebc,1
usr00000008,509303d274794188a17b100f1d4cb037,2
usr00000008,5944780b32b0449b87bd941d8c57fc52,4
usr00000008,02167056db5a453f96708504a11a9591,4
usr00000008,03503c9ff7034e6aac1abd3913c90381,5
usr00000008,a1452839f4924293ae40606402becd8a,3
usr00000008,d65719b9cee7414885ec2bcdacdb5d73,4
usr00000008,834cd836fd8e4905b4a9a7e438181e0e,3
usr00000008,0a402a8eeb4747deb799ac7af8c9305b,4
usr00000008,1266d9ec2c084c1a9bdc0172074fa106,5
usr00000008,097cd744dc2b4ff88a252023bfc1dbca,2
usr00000008,dc900dd9c17c4393975d73f9e7fac364,3
usr00000008,955aa12c15b243a98981708a96dd39b4,3
usr00000008,468d00f9c07d49cc89f6bb659d25edff,4
usr00000008,d84bd112a3754716bb95212c779d819d,3
usr00000008,eaf557196f83466d90551c0be0e91ffa,2
usr00000008,85fe6ccdc982465aad62a746a380b507,3
usr00000008,dd051d783d984b29908f02a58f2c7f80,2
usr00000008,c9f1e3eaad6041c1a5a8ae2ae6f7a104,1
usr00000008,d510786390654c4b8928de239a4a7a1e,4
usr00000008,77bca67538244614ae4b913e0e20e5ed,3
usr00000008,b199b719e4b344bf97ef5e9d8e0c0fe4,4
usr00000008,6f08034e53f349e9b94be5e93373832a,5
usr00000008,3c1105ba48d346b69663ca005f3c4dc4,4
usr00000008,338eacfc6d044c81b5876f6439570e38,1
usr00000008,09a03f23904a4bee9683181ee0dece86,3
usr00000008,a36e3fee77334608ab6998726542f307,5
usr00000008,7c252b1ee3fc4f919f8cbc948907fbf3,4
usr00000008,542a3b8a9f36447b8de5d402d99d1fb5,4
usr00000008,17f8a46ba6e6482198f8bb60772bf340,4
usr00000008,dfec2533857344d1a89be48d4ecbc39e,2
usr00000008,eb76c6aec1044a858d01026c59590505,4
usr00000008,6ce4766519e2483880cf694731f4ea2b,3
usr00000008,5450709456c849be97f0e6c2dcb40760,1
usr00000008,d9fb9169147242f8a86d20a6cb297c97,5
usr00000008,36e5812b78f5435c9d7380b4586e9cb6,2
usr00000008,088af7964b674831baf7807ec5bbafbc,1
usr00000008,3537892f7bb24ec5bde6bd91621f17b8,2
usr00000008,9f4afe5dff644eab926a9ba6af2c3b22,1
usr00000008,bd5bfb6c7ae7420c9aa9a88ed0de7897,5
usr00000008,4de964e145594725b2993b57a033246d,2
usr00000008,4c1fcfa25f854aaa8774bc4dca9bbdb3,2
usr00000008,26aa2c333151406095ed538d9b75c2ab,5
usr00000008,850e5ccd729b44bb8b930968122fe264,3
usr00000008,97ddd787c4ba401fa679233614b9700e,5
usr00000008,0a3f40998fd449c995a94ddce70d9032,2
usr00000008,e7de07a9afc843798536497a18ef0e83,5
usr00000008,598df982d8504e30a90e52ab9c6c2fba,1
usr00000008,31bc1450552244838e4845ac44eff66d,5
usr00000008,9f72f8ad302c452cb49bb2cfa5284480,4
usr00000008,f6710fe359ff4c54a1584781e6b33d5f,4
usr00000008,1fbcf935019944d7afceaab68617f9a8,3
usr00000008,711668fdd5574473b2e4550b84ca6088,3
usr00000008,993c984d085a4ef8b4ae4936c35b4197,3
usr00000008,964a46870b35431badb200b6173fdff6,4
usr00000008,9730ab54ebc54b40b3170a0b578291b5,4
usr00000008,a5f773517897479f9013c9e82a1fdf82,1
usr00000008,52eeccc78027414f8a98d3651795ea11,1
usr00000008,84e0dc0e52bd4b7b9f16351ec8b73502,5
usr00000008,a4317b963aba49e3a656736bcaa25c9d,5
usr00000008,b01239e3ddb54b85a8bc2e1677195fe6,2
usr00000008,29b6cd35ac1240858963d14d28d605cc,4
usr00000008,6dd8c2341e214b6f8e2a3955be80492c,5
usr00000008,639f12ffda3e463da0d9df1886a3122e,2
usr00000008,914eee95a88e44f497b596e1ebf9fc76,2
usr00000008,ffaf9a12627f4811a7af85e6473c99d6,2
usr00000008,94c712595e294c1784f6ec6eb00a8350,1
usr00000008,a07190c8d3f943f1a25c95573184273c,1
usr00000008,3a92bc0877054f59a0e674d304952cb6,1
usr00000008,442b117296144b69ae1d6a52914edef5,4
usr00000008,d005548780be42659e0452a3b0e409db,1
usr00000008,5fdc65b9b4714660ad3afc382037d038,4
usr00000008,d0da657d82884fe7b42ee7ab6b45afb9,3
usr00000008,371c0743657d400f8dfb6b0a8ce75900,5
usr00000008,bc6a85fae8884f12afa8e7ef095a7a8f,4
usr00000008,d2d444bc3bdc4f228b31e36ceea00875,1
usr00000008,e512ba1a95e242e48d965d18c4a5d592,3
usr00000008,4a3319efc10646218fafa25d26195e63,4
usr00000008,f12be65bcee04e60a381bf5dd4e89fde,4
usr00000008,1cc28b438df444d689a888db3d6cfbcf,4
usr00000008,59e52e7e3fa34cab9368e228f7ee5501,5
usr00000008,ca36c366dcf54fccab6ff3b44d032620,2
usr00000008,c96d7c9666c5474fadb9bedefed30e48,2
usr00000008,b475d50989c94aa59395b7525d382684,3
usr00000008,540e4e30683045e4b42ee062a82b9c12,4
usr00000008,4a02c49fe4cf47dfaa721527f78f4978,4
usr00000008,ef37fa931fa34d22a4084f15c17fa91e,2
usr00000008,46da9d1f60594d0b9eab935f21bf4e17,2
usr00000008,4af057fe17ca40c591c689ddadb052ad,1
usr00000008,123fca274f9e4ba4957d419b27fee6d9,5
usr00000008,700090b179d246c89b05d434ee10241b,5
usr00000008,2d184ba8dbd840ca893d9f1d266e6dfd,4
usr00000008,2ac5391333f44775b8c8b3dd96fb0ca6,4
usr00000008,ea8ebd84685f4d638843468b1a66bbfb,5
usr00000008,cf29d1e0c1cc4bc2a37eed1b739f4748,2
usr00000008,e4c90bf16d91434a80e67d30576f5920,2
usr00000008,35a511d479244f778b60a958ac520447,4
usr00000008,893f407327f54590be20d429eee812c5,1
usr00000008,9c60d075106c4c5797b36dddfef1b19c,4
usr00000008,1bf359237db647edbcb02184b3eff441,3
usr00000008,ec002bb827d348cc94494eb4f9589700,4
usr00000008,c5bb5db7071042229b9684b5124856a7,5
usr00000008,99d85546fd064c1580e221b46eb33ed4,3
usr00000009,a5bf01fcaf9c4a359a941b739e31c773,2
usr00000009,bf5ead4f8078421193cb695d7493fd33,4
usr00000009,711f94cac7814a74985133e849d81b40,2
usr00000009,719d86f109b8449c9e370a25412a3a0c,5
usr00000009,3c5d4e37cda14c02830388b5e7b91b78,3
usr00000009,ee537c9e187a4364aa99a812833ba4e4,4
usr00000009,ef7097b431074535bc051acea68ec5d5,3
usr00000009,fd30277c59f14ec7a125ae7fb4b9adbe,1
usr00000009,1aa0961140c44f468280b9a765f74f9b,2
usr00000009,abd4e453fd824dbda90e72ba3dd8240f,5
usr00000009,b4d47c866e694676a1e2116b9a96423f,5
usr00000009,f507fed289e74846a3072ad562e3596b,2
usr00000009,c93e14a302e7444385d303ed79219f96,4
usr00000009,a403d2908a164fe2bf608e0275357f40,3
usr00000009,e124ff529ed84f9999634bc874bdb94b,3
usr00000009,c6c60c23835c45a1b70256e13f62e539,2
usr00000009,b4fc87821f9142eba669b07358769663,5
usr00000009,59a49a602a8f438aaebf217e318b3afc,1
usr00000009,cc07493274aa4ce1a43499a4adec8346,3
usr00000009,bd04f4c0163f4625abe71bb7feb7f560,5
usr00000009,cd5f90f6882044128eae0f4c23dea310,4
usr00000009,941750692cc643c1ad62398ad5432bbd,5
usr00000009,af60ea6a9a2c4c4facec969045386b15,5
usr00000009,96e1c3d34d914b57a4be6b997158eb45,5
usr00000009,f1b3e3c9603b442db31903dcf08cd34e,2
usr00000009,f020c349bc7e4f48a8fb5068b3d2e00c,5
usr00000009,213aec3058534640b9bb499f66f35352,5
usr00000009,13197920545a480d899bc57a7cbf8180,1
usr00000009,b88a24820f3f447ba2145a5ed023cd4a,5
usr00000009,093bd064265842549ab676465cc0741c,1
usr00000009,00083468bcf845d39588228baec61ac7,2
usr00000009,7a83603a72bf47f8a7152c27c7a50530,1
usr00000009,4d6431e08307483dbd480854cadf7de7,3
usr00000009,e15317d6338e44b3b06777e60e4883df,1
usr00000009,dff71477c473415b8869cfbb55e940ae,3
usr00000009,512f76b7bac04bccbd328a5dff9061df,3
usr00000009,8a2a4833939149eea6652ac449adbe26,5
usr00000009,a9e1df7cdbe8438d9b2d56d7eeaecec4,1
usr00000009,6c7ad0b477914918a696b0c6d67b4ad3,5
usr00000009,3099cc2c0a2d40e4ac6b18449005421e,4
usr00000009,d83fc3c22169478db6929d4f71a2137e,1
usr00000009,465324c4c36445479878ebcc13719d16,3
usr00000009,bdbafe98b6c94380afe5ce6da051dc98,4
usr00000009,9e3a78e7721945eeaafeed5fc6cc2d74,3
usr00000009,9e0ab48ae0314432a838c65194439f1d,2
usr00000009,ea2b32f0984b45ffa77fed7b736e312e,1
usr00000009,0c828c3d94c145f7b33030d1f0c942e8,4
usr00000009,45af9f4a587144dabfa6fb957042fdfb,3
usr00000009,a98adc6b4999464795a65251408306b2,1
usr00000009,8190d4a178e849ef9007914590580e87,2
usr00000009,071959c2efc242a49f260df631b54ac1,5
usr00000009,2bb17f83fd854b65895f8a2ada340c59,2
usr00000009,f2f10ff313d442aab5747322f6c20330,5
usr00000009,4f022688b4c84cfbbf9d25b1befd1c59,1
usr00000009,0d2e320c28d94397869454bbee2fad66,2
usr00000009,8c10a4943c4e46d2bf2de36e7b94ed4c,5
usr00000009,08b93db1c0864ec99eff78e72a1520ce,4
usr00000009,08bd284be6854bae9af2ae4b214fdcdb,2
usr00000009,13f2f8ec393046cebf8d46eb94ce0290,4
usr00000009,4e31890012a94bd4916a23740b3fc88c,1
usr00000009,2e9dc296813a4bafa0e224358487e973,5
usr00000009,de88c1c4e04c485297788d5572982e7e,1
usr00000009,14892e13ba264767a275cdb635ea0887,2
usr00000009,bc81eb166f1a45409bc9dd0dd53e89a9,2
usr00000009,8b7398586c1a4b2d9f6720f6ff104c31,4
usr00000009,600ecca197d042188a0200ff9b841fff,5
usr00000009,36aa47fbff1c46d9b8e5962dde8ba9a1,5
usr00000009,9820c2bc00dc43a6abe0f5c2b763ad75,5
usr00000009,1e6623b5180a465da539a9d3d3bd72db,1
usr00000009,0766302d448f4dc8a3f784810a5556f7,3
usr00000009,65d650bfbf7e4dc2abda37d9ab4a6bd1,4
usr00000009,274b4eaf787948f7ae18c2d11432c904,2
usr00000009,524db3f067d04c598e15c6897b6d433e,1
usr00000009,1120cb0a72e6454aa38156e38d143cab,1
usr00000009,c558c948596141e1be6a8ca5c47ab884,3
usr00000009,308efc1265594a9abcf460759b9e06e7,1
usr00000009,3e26b8b4a7d9497bb16db3d1d42b9319,2
usr00000009,b9219121ae6f4ef88989db25e94316be,4
usr00000009,7008d31cfb8340cd964a52f53973016e,4
usr00000009,fa6cd9549c3c4258a17e33f1ea0c31ca,1
usr00000009,91846813d3354c8bb27089b966e090be,2
usr00000009,136db7aefbdb4489a7fc57f00c79b7d4,5
usr00000009,ceb23f508e1742708914151a3eb65349,2
usr00000009,a36350170e444c17b43b3518af0ef009,2
usr00000009,495ba653758146d1894855038188985b,4
usr00000009,03fabf65182e4e02b513e7fbf9f894d8,4
usr00000009,e04493f3d5374f5ab402cd3f6693b20e,3
usr00000009,cd19d834e828490491798b52a5c5f290,2
usr00000009,4e3be7e5ef364e61875c31389e79614a,1
usr00000009,42fb6a2f852743fe93e01a45ccd1fc1a,3
usr00000009,14cd50382fd34897ae5bb1a0cd1e390b,2
usr00000009,46dae05eb53e4140a746bf7abea386c5,2
usr00000009,ff07eeea77d1408a83a92b12df0f8003,3
usr00000009,435504398b9d4379adbe3b80a4842302,2
usr00000009,71fc607d402848e2bf59a38bb772b02f,3
usr00000009,5fd1554b03504738baa373fe6fe81825,5
usr00000009,10755a2aab6e445db6328fcc0dac59a1,2
usr00000009,f3d4dde5ac694eb496aaf39dab241d96,2
usr00000009,1faf5f1221b84bcc804aeef6963c5201,5
usr00000009,c426184d17204509bf354ea5b3164315,1
usr00000009,ddaf901c067f481ead11e782599d2b1f,1
usr00000009,04ab2e9541344d35892b54d5ab2b9deb,5
usr00000009,ae856ca388c8490390d44897e3614df1,2
usr00000009,89fcd3f528a24d44996a7910fefd09e5,1
usr00000009,0ff7ef0071cc4d6abee63f316a572e24,2
usr00000009,a85f7af740d74f5eba95dd277d481190,2
usr00000009,3e6f3d872ff94daa862f640ce3a840e9,4
usr00000009,849c783b788b43369d82bdeb3096af2b,4
usr00000009,bc8746381e69411fac43155baacf3cc2,2
usr00000009,10001b25185b4a3e9bca02c8d7385db4,1
usr00000009,216568e2c81d48b382af693d8be9cbc7,1
usr00000009,0bbd788b17814857861974cc7d91ce35,3
usr00000009,9654286a834440379e1d3c4b527928cf,5
usr00000009,9d66753426c5483ba1e31f14e6abc12d,1
usr00000009,f93266af1815402495ad82b60abc9d0a,2
usr00000009,de83df3d959546d58d58ac93a6f3632f,1
usr00000009,7afe69b0577c45df85484646b866c288,1
usr00000009,c0efa59d21e9400fb89f49f3bf69c4c7,3
usr00000009,8958120fe7da4ff3ab9c08e44fa86b76,4
usr00000009,59428400e9054c65969cb81380d180aa,3
usr00000009,2eb940101eca46488af7c02a0783c279,4
usr00000009,7cb55f694f56400f8bec1766826477ad,4
usr00000009,e6066a66480248d2b602b155d042c00b,5
usr00000009,9506ef0acbcd4b748b96db327b377878,4
usr00000009,ad17cc33edc344559015c087986ed087,3
usr00000009,cfdf1c12cbc844c9af107aca7d1c07cd,1
usr00000009,e21243e3dee54e0e9a953a7a64ea4528,5
usr00000009,4c2b14d2e6b849b788d3634e0dd25599,3
usr00000009,f5d51b824e594067a0913ce62712e979,4
usr00000009,73d0cef1131a484cb2fc540c1c266609,3
usr00000009,075cf77e2aba4d87b9769373a8c552a1,2
usr00000009,27d60e7e6e31468cb1fd84a422e20496,3
usr00000009,e2c14c9717b04828996df16973a25253,1
usr00000009,1a81d0d6bfe44f7f8dbe24bee62f4f97,2
usr00000009,fecdf076fdd249b1b6d50bd1d9dd50d0,1
usr00000009,9b4abe1ea03544ea9247f70bf380e794,4
usr00000009,212a610bbef24029b2791ffa38b294a9,5
usr00000009,d6ad6c4738b54a46afa74378c3527563,4
usr00000009,15c23c03e8e640b5b11ea1b7be1ed3c1,1
usr00000009,da31607a208f4686b8dc7e874ba0633c,4
usr00000009,938673e7c9f24a07bab4ae5333afd3fd,1
usr00000009,ca7d46aa45274477ab7bd1f5d42667fc,5
usr00000009,a216446cb0024ff09cd09c6ec85baae9,5
usr00000009,a89d005c698649398d551f27dbb6d030,5
usr00000009,779d36f946a548fe9c7b0437e67b5fc8,5
usr00000009,04ca51679ad243b4abfb97a52b1d4e88,4
usr00000009,23b79a0d34924333ac145f2f59b371c1,1
usr00000009,daa23fdc5bec46a0bd8ab575ab411a4b,2
usr00000009,289efd8a3bff4dea98764b8ecd021a28,5
usr00000009,4c691245b66347ae8af708ad0bb7cb52,2
usr00000009,f297ddd516714b3284e050d70eb84661,2
usr00000009,9ecba10b375148adbabea0f4199a6e5f,5
usr00000009,ff55b8aa26e64e3ba59941291043d277,2
usr00000009,e7c0433507524f9aa4666fdff08fb80f,2
usr00000009,30dfaa0bc6644b3db9ac46cbc7e8221d,4
usr00000009,2bbf0091e77c40c78df6d851089c5776,1
usr00000009,db3412320bfb4a58b1df3138d9265ebc,4
usr00000009,885c068705c843c59edb9e7f41ec9b23,3
usr00000009,beb65d5367d642cbb1147f989eb3f62b,3
usr00000009,ee4d6367f6c241429d40618761da34a6,4
usr00000009,9fbbe9f5301c43a6aad9fdcba579e20b,1
usr00000009,0eccc3b1dd3a40289a024a9ae239c0ef,2
usr00000009,995653258d8e4a97ae47a8681b1793a5,1
usr00000009,831f08a0e6d24b248fc7a702fa67b212,4
usr00000009,66e7ebfbfd644b06854254fb8845b648,5
usr00000009,1a57a7e5fa514b42a2241bb24c296e84,1
usr00000009,62f64414c081488e8b4dd813033fb33c,1
usr00000009,f8a62995399a407fafb364a97447d7a5,3
usr00000009,7d0b8ce60cc14d56aa0c0e105022e5f0,3
usr00000009,5ca075c160d24ce7921d21e152f81e24,1
usr00000009,11e285e611924db3b8d96db6f7e09beb,2
usr00000009,1c42fd8a2276487ab748058a6f85b135,2
usr00000009,33e78264929a4279838aab39e17a4e81,2
usr00000009,1905008c1307402ba4c1b624c83e8814,5
usr00000009,112c920e1a9547fe971dbc9f75dfa20e,5
usr00000009,107de68fc00e44288c168b612e419fe8,3
usr00000009,6cc419da46054ca3a0e2dd1b71986cfb,3
usr00000009,359ea8e130194813b70894dd8cad7ec5,3
usr00000009,a3af0f9125a04cd1ae9488400b0806ea,5
usr00000009,4c148397ecef4b9e9805f8874f23e5ef,2
usr00000009,c8b5269cc60c4999a069f72d8391d74c,3
usr00000009,911969128e7047b6a6cb95265014e07b,1
usr00000009,baded793cdb44a1e907e49e7e7e83113,3
usr00000009,46d7c9a1c0d74d98a3931b55ff7e2147,3
usr00000009,d4fc94513e1a45ddab51cb09ef2c39a6,5
usr00000009,44dab65805e14bf0b2562e479b76fdbf,5
usr00000009,c04f90da03e142ddb4c30a7254d8e9d2,1
usr00000009,666a31375a5341158159214ffa615512,3
usr00000009,b7bdb1deda8a4c8d939ed5a8db830a25,3
usr00000009,132ce561767744bbb8aa6adc9e5b7341,2
usr00000009,7ee56445176144559966e1d5cc25fb7f,2
usr00000009,e86fa3d09fd1443ebec2f376082cf7c1,3
usr00000009,7bb5173289184be3befd2d60f023585a,5
usr00000009,3dd6bb2ff0ee432eb42199d7c0ccfbb7,5
usr00000009,11a1b048fd8f43bb8a255d961e980389,4
usr00000009,b552525ab41b4892ab2d3393c4928500,4
usr00000009,d2dd7949840942bea2656b01287bd86a,1
usr00000009,07fe64a56a9f4a63811170df9f383eed,4
usr00000009,123fca274f9e4ba4957d419b27fee6d9,3
usr00000009,25718c3c1f434e4ea7a25ea11976b836,5
usr00000010,9cf782827d9d4417a8306fdc9433e5cb,1
usr00000010,0c6ef3c551204a538638089c99a97221,4
usr00000010,8b086816239a4cc4b1646c3af29f2636,3
usr00000010,1efad8cef2254eb3971886f3ec1946ed,4
usr00000010,3b74ffa1e8be40c396b2da1cbc7dd0e3,5
usr00000010,003196cb4a3d413dba256a59f9ffa191,4
usr00000010,d53d6c51d2fa42948bd6d434c0eef3e4,3
usr00000010,33df0a933355437a848bc890404d5fb7,1
usr00000010,091a5edcc96c4c1e95f8ce373d86d162,2
usr00000010,55da1ce72e0a445492335e6365e20d45,3
usr00000010,207775ac6181466eb0c46960e1fe46e2,4
usr00000010,82c960acac0f4339bf1edc23e1874883,1
usr00000010,78b447fe27dc415e959770e0b0fff777,5
usr00000010,c259506cf3804fd6b60c741761ee0d60,4
usr00000010,b330a0a924b6442a8b79d01bf2ccecde,1
usr00000010,6e3b951298154c14859beddfc42c9338,1
usr00000010,78b580540bad41e29e6b04839d95564e,5
usr00000010,b1eb32c2aaeb423493c392aac1cebdbe,5
usr00000010,a1beb927ab2148bcbde9b9305bb5c966,5
usr00000010,ad516763bab94325993357bd3358555e,2
usr00000010,7f1085dfb5874dbbab2abde209768ba7,5
usr00000010,62671265b32b4166b3fd8886ddaf02f0,3
usr00000010,762b285009774531ab30bcbe6efccc7a,3
usr00000010,4add6b5a77254dc38f49465b8dbba28b,3
usr00000010,56826bc3ce9e4e438239fbe487d3e1c0,1
usr00000010,1baa2db13878402987446ae8c8fc0de7,2
usr00000010,cfc81977cdcc4045a02be18ec23c5bd6,2
usr00000010,8e5fb9e998d24a42a24b3a1ba23222b2,5
usr00000010,c353dd2a6f48438ebdda52e36719d8de,4
usr00000010,7a6b4ab58779407fb108ff7ccc5430f3,3
usr00000010,d6e29e9c1f42445281a47e26902461f6,1
usr00000010,1365e03946d04189b8f80eb02bd65841,1
usr00000010,1e68e9d5da0947a0971bd5840c22d0fe,2
usr00000010,e4f51ef3c7f348dcb387949eb1bb16c7,4
usr00000010,a651379b9cf14af4ace96d597b090ef0,5
usr00000010,e0b6977bd8d6455f93f1c3f3de5e5e2e,2
usr00000010,336cc8e3facf4c549616d8ab0b9478eb,3
usr00000010,7b73e27d0655400d93a9e70c01b142cb,1
usr00000010,741ebba93e5a4294a05b61898b8cd9d2,3
usr00000010,df86dc3406b94bbd9676f990acc67a4f,2
usr00000010,7f131998dd544a2dac76988fef2364e4,1
usr00000010,fee57a234721467eb7dbc77994028a0e,4
usr00000010,7ea97213f1b24309ac7c36586e255941,1
usr00000010,9d904732cd9d4c76b234f255ad8781a3,5
usr00000010,56db9f9ecba64da9b7c3da4b4feaca2d,2
usr00000010,7b75edf1b5c7430d9cf8807ff20280fa,4
usr00000010,06a9d3a5b4e04e2a924487b37a13aa1b,3
usr00000010,396cb6d873c94c86a64afb7f6f5c120c,5
usr00000010,09351ca3117e446696e351aa98762a9a,4
usr00000010,b3ff4e5ac3d340b2b90442d7f6f4576c,2
usr00000010,a270a1a5767d4daaa4352c503a789fe5,4
usr00000010,61c95329e1ad43e6bb2ab2efad4bc083,1
usr00000010,56ca2d7ebf4d43198578bfae912081d0,3
usr00000010,743bb393bf3a4020a5f34c18e9d6f161,4
usr00000010,72f025ab61914e6bb1abc0719f209fa9,2
usr00000010,ded46f3d5a3e4952a8e5c9af343b09e3,2
usr00000010,b11cf6dc98fb42b4aa16c57a1f266dcd,3
usr00000010,353bf659b1dd49888181cb8cb05bcc16,5
usr00000010,93dedb51ab9041ecbcda0438d1f9fc98,4
usr00000010,70715ac48f8e492c823becb1a50d643b,2
usr00000010,ebee5684d2fd4f22afc980f5bd51987b,5
usr00000010,db2eb42087c54745a67188dc641140f3,1
usr00000010,5a4007b903f048bfa797bb3b89d7d20a,3
usr00000010,f619577d72694d909a22c0b1ff1cbf8a,1
usr00000010,d758e3d4d2314a6ca32f2d4f9fe0dcec,2
usr00000010,b4bfbaca99ec4077879a8b79856bd9ca,2
usr00000010,131ed25c94b44b7a98e1ccaf4ab80d33,1
usr00000010,8e92b395f0a34a63ba7f8f7549358f71,5
usr00000010,f81af609c917409f821626d3b8cdafed,4
usr00000010,dd12527ffd11430ea1d7c79fe45a7481,1
usr00000010,827fc84aed324dbeba97124262d2664a,1
usr00000010,a273d31791664effb20c87dafce93e66,4
usr00000010,309ee8f64bca451ea23a7840898f8814,3
usr00000010,f747f96f70f9408c8d85104937a2f28e,1
usr00000010,3e72b564a2fc4776814df853ad624151,1
usr00000010,a875e4ecf9c04e48a25045102c863a07,5
usr00000010,48b9a26b7a804ee5a0830f7246061e6e,4
usr00000010,88ce7352d26d402eb1c519bdb19c18e2,4
usr00000010,00cc5ca09237442f9a35119e0a22fcd4,2
usr00000010,ce6d4928ed24492596f543dc809afd1c,1
usr00000010,b1034f56b2484551877c783599651846,5
usr00000010,2ae8ce5302754896af512700a26973a4,5
usr00000010,2e9e60a8170f4252a3bfaa235d8503a0,3
usr00000010,78f209d8e0b44226844b83426b10bc81,5
usr00000010,5ff00eec640c48d68263ac02f38adb3d,3
usr00000010,c9e8e9d158224a8c8b3a0c22bcf2ec02,5
usr00000010,bfeb01f277224215acb7ff3e0ef29776,3
usr00000010,a5d08d5de42d4d28b380e557847e8b74,1
usr00000010,b1d466e45b88430d83f095fdd228e023,5
usr00000010,02954c271a3e464793b65edf9c278021,2
usr00000010,b2a1cf9961794c3db1c66c37205e2b34,3
usr00000010,482085888a75457c8668a14a55b7580b,4
usr00000010,13133b02fe0a43da94a51f160c4de7d5,4
usr00000010,1ba99d222efc4ae7905ced2dc6b9953c,1
usr00000010,0374a2fd831e441fbe7330085cc7cc71,2
usr00000010,363372ede2484db0beab1d234416af0f,3
usr00000010,6317fef2b3f442f3922e5573193ea2c9,3
usr00000010,fd891c979cb34201a17847929847c8d1,4
usr00000010,67a7c1258aa84704b793c3b63ce44274,2
usr00000010,5f7b71b88d054541aae695a90953d458,4
usr00000010,76f3dda8578f4936b05565ddcec5848a,4
usr00000010,8b8af37b09a34ed59382510c20f8ba82,4
usr00000010,db3cde224c2e4c09a8c2e5ad4ede9871,3
usr00000010,ef88ef788f3c489b8ff561c260404082,2
usr00000010,815f11affe854c6097d9fdadb0f2636a,1
usr00000010,a8a46c35c5a44759b51031b76bbcef95,2
usr00000010,f082aea3324547cf992d0b137df63e02,2
usr00000010,d1669230783c45a7ab0e4565eeaaf5fe,1
usr00000010,3afd025e44fa46aaa43efa8cd41083bb,1
usr00000010,51d93affa3fe4050af68661ecbd15cee,1
usr00000010,6ade5a0c38e648b582293761a39d4553,4
usr00000010,831ba17c8b414026b58d1b85b8bfec4f,4
usr00000010,a6c020c2fecd4beca97737b4937e3b2f,2
usr00000010,47e01341b0b54897a7d0febe148e8daa,2
usr00000010,0705c19f2c4447fabf45b92e26a3c23c,2
usr00000010,8fdccf30c0fd452aab2f7ad2d43510b7,4
usr00000010,652838b267974266b8e515ae8943a3e3,4
usr00000010,580bc2e0773d40f9875ca4b9555db961,4
usr00000010,a55d1cad172043c18136dc4576698fc6,4
usr00000010,2c5fcb97cf1340b99b65519b063810e5,5
usr00000010,22c21d4de4874496b9fbeebbc832990c,1
usr00000010,e68f4d6a53bd47de96462ca63ff2fb32,3
usr00000010,95a3fd395a044535bb9f4f84d52afe4b,4
usr00000010,3e15d3facde14683a8fa5068b81e4f35,4
usr00000010,a449f6abcc4845c5828d7b1812d7cee0,3
usr00000010,6b7e23d6913c484cb03cb2d795ab3fcc,3
usr00000010,51f7af814dc5453f95793e785d244c20,1
usr00000010,f6ea0f7d8709471e80fe6c5367f59fb8,2
usr00000010,e0fddd5e9e424865ac6bd09902fcc051,3
usr00000010,72b3eef408384476b42ccf6f907eb6c7,2
usr00000010,1506b87d5af74ac1bef15baaf67fb36d,3
usr00000010,290bde453cfd48d38a615d93425996e1,4
usr00000010,c7fb4191920b4caaaa38276a61e8382e,1
usr00000010,1011ec6ebf844f7d80057e206e7a8769,2
usr00000010,1d36dd2601bc4b9aaa80fabe704a54cd,3
usr00000010,6f0a4090db4442ca8ebd24c6d2bdbeaa,1
usr00000010,7aa83ee4cff74ba5b4f1311c7db153bc,1
usr00000010,c56234237a164647a9b19332d3eb7822,4
usr00000010,b7acd3edf74542f991295bed88148ae9,5
usr00000010,70908ac3e33e4efba83e23fe32542bb9,2
usr00000010,77160a91ed5345c1b130e3574a05a308,1
usr00000010,fbb43f164d3c4300909a6b50c8bfbf43,4
usr00000010,debcef53f8d14ab39ab83b4dd5f09855,5
usr00000010,8b58a50453174236bbccaea79f0933b3,2
usr00000010,2fe42dde8d404ea7b033e9817ccc7ea0,4
usr00000010,57b74a095a8b4fb991e58eb311675d88,3
usr00000010,0599483043a248298da31184f0790fa8,4
usr00000010,d0b5eff747f1453997fe26f4128ae47b,4
usr00000010,a561da770dfc467282cd1e5863847ba8,2
usr00000010,1260ca1b041944ebbcd0259ffa2486ed,4
usr00000010,1d3ba22f0f3a49f5a14bdaf36a7df4c6,1
usr00000010,1961c9fabdd7409fb6a5f427853f7ab6,4
usr00000010,d02e9139dc994e50ade457a7282f9524,3
usr00000010,0f1b40a353234925bff1619b7f7379d7,4
usr00000010,329c130e82934b668b96f488bbe63ee6,5
usr00000010,ec55d7d74d744c8ba70684aa5b5a8336,3
usr00000010,8f785df315df42939cb59a7816705596,3
usr00000010,97df54d7fa7f4f8ba71c8e6fef972158,4
usr00000010,b37f68a9bd874da595d5e2b78c8c621f,1
usr00000010,82249ab3a06548209b3dc7f6ee5607de,4
usr00000010,9094bebaadb74c9f951263bbebe49cf3,5
usr00000010,f6bebef3e8f14f97ab0678539dc47c91,5
usr00000010,8116ed7b1e194e9da32bbb13ef304eba,1
usr00000010,2efdbc1aa7ec46cfb90309490d363735,3
usr00000010,8764e0b4d01c4597911f1315b78fbe0d,5
usr00000010,95ec3e4d576a4e21b75429233f588b6a,4
usr00000010,d74c942af26f4169b67d018cc25c21b4,4
usr00000010,e9f2f07b531a48feab9708222741fae2,1
usr00000010,dcbc1b023b944ebcbdd018c7bc2452b6,4
usr00000010,36cf9b3ad77240688fd8300ca5beca64,3
usr00000010,f92f5f1a882642348b861aba6661a6b2,2
usr00000010,d26b6748bcae4b8a86d8d4539488faa8,4
usr00000010,e42ec9e0f0a8447598c1a15bec0ff6fb,1
usr00000010,2a806f99b7b1442fad24a7bb52d4f56a,3
usr00000010,c16a98ac96db43fc9012bf6c1b3ae9d7,3
usr00000010,dc34f7cb07694d3c8f6167adc83eee13,2
usr00000010,2634675255dc44feb3483ce3c536908c,2
usr00000010,51b538a0fd754a008526ab3a1a454e8f,2
usr00000010,c63770249d624e8ebb0564f59843f20f,2
usr00000010,c011aad8eb8241c0aadad91f774561a4,3
usr00000010,03dcaea0f1184eeb986cf20df49e72d9,3
usr00000010,7747733521e14718a41ca13a3803568a,5
usr00000010,b33c008e5eab44acbe339a395126cce5,2
usr00000010,e3d4fcfc25d149738ea079e2c5d1d110,1
usr00000010,9e11ad35890441f9a05e770bd0ca4a72,2
usr00000010,2443eaf8fde34d56810b54fb2dfefd4f,3
usr00000010,199c3b2860824f2d9e6d8ee2ec72f389,5
usr00000010,7f6abcbe5316423a88486165a3d46463,4
usr00000010,0ad9fa3626604de796eb42c294ade5da,5
usr00000010,e046a12444234095a005c851ff2fbb76,1
usr00000010,c727ab4c82f34400a06324b28f4b5405,1
usr00000010,5b5a7c0bd1c848e79b409c20528e90d0,5
usr00000010,b6f312f3b4fa461ab09a545051b9918c,5
usr00000010,948df5be553c49d591de97c0a741418f,3
usr00000010,12611542befa49a2a02c45dbe34292a4,3
usr00000010,cea8efc0a42446928fd22aae2ae9c15e,2
usr00000010,9739d511792c41c0be48c760342957ef,1
usr00000010,a894a815b8f944e098c3b770bf6febfe,4
usr00000010,2bfaec5f4fe04fae87a424c95cbd2de4,4
usr00000010,dfa3a6130147407cb28104409893ba26,2
